"releasename","institutionid","unitid","comparisongroupid","institutionname","unitname","comparisongroupname","facultycount","facultycount_rank","articlecount","articlecount_rank","articlefacultycount","articlefacultycount_rank","articlecountperauthor","articlecountperauthor_rank","citationcount","citationcount_rank","citationfacultycount","citationfacultycount_rank","pctofauthorwithcitation","pctofauthorwithcitation_rank","grantfacultycount","grantfacultycount_rank","grantcount","grantcount_rank","grantdollars","grantdollars_rank","awardcount","awardcount_rank","awardfacultycount","awardfacultycount_rank","bookcount","bookcount_rank","bookfacultycount","bookfacultycount_rank","awardsweight","grantsweight","booksweight","citationsweight","articlesweight","pctoffacwithbook","pctoffacwithbook_zscore","pctoffacwithbook_rank","pctoffacwithbook_pct","bookcountperfaculty","bookcountperfaculty_zscore","bookcountperfaculty_rank","bookcountperfaculty_pct","pctoffacwitharticle","pctoffacwitharticle_zscore","pctoffacwitharticle_rank","pctoffacwitharticle_pct","articlecountperfaculty","articlecountperfaculty_zscore","articlecountperfaculty_rank","articlecountperfaculty_pct","pctoffacwithcitation","pctoffacwithcitation_zscore","pctoffacwithcitation_rank","pctoffacwithcitation_pct","citationcountperfaculty","citationcountperfaculty_zscore","citationcountperfaculty_rank","citationcountperfaculty_pct","citationcountperarticle","citationcountperarticle_zscore","citationcountperarticle_rank","citationcountperarticle_pct","pctoffacwithgrant","pctoffacwithgrant_zscore","pctoffacwithgrant_rank","pctoffacwithgrant_pct","grantcountperfaculty","grantcountperfaculty_zscore","grantcountperfaculty_rank","grantcountperfaculty_pct","grantdollarsperfaculty","grantdollarsperfaculty_zscore","grantdollarsperfaculty_rank","grantdollarsperfaculty_pct","dollarspergrant","dollarspergrant_zscore","dollarspergrant_rank","dollarspergrant_pct","awardcountperfaculty","awardcountperfaculty_zscore","awardcountperfaculty_rank","awardcountperfaculty_pct","pctoffacwithaward","pctoffacwithaward_zscore","pctoffacwithaward_rank","pctoffacwithaward_pct","sri","sri_rank","sri_pct","awardfacultycount_zscore","bookfacultycount_zscore","citationfacultycount_zscore","grantfacultycount_zscore","articlefacultycount_zscore","articlecountperauthor_zscore","pctofauthorwithcitation_zscore","awardcount_zscore","bookcount_zscore","citationcount_zscore","grantdollars_zscore","grantcount_zscore","articlecount_zscore","facultycount_zscore","awardfacultycount_pct","bookfacultycount_pct","citationfacultycount_pct","grantfacultycount_pct","articlefacultycount_pct","articlecountperauthor_pct","pctofauthorwithcitation_pct","awardcount_pct","bookcount_pct","citationcount_pct","grantdollars_pct","grantcount_pct","articlecount_pct","facultycount_pct","unitsincomparisongroup","createddate","confproccount","confprocfacultycount","confproccountperauthor","confproccountperfaculty","pctoffacwithconfproc","confprocfacultycount_rank","confproccountperauthor_rank","confproccount_rank","confproccountperfaculty_rank","pctoffacwithconfproc_rank","confprocfacultycount_zscore","confproccountperauthor_zscore","confproccount_zscore","confproccountperfaculty_zscore","pctoffacwithconfproc_zscore","confprocfacultycount_pct","confproccountperauthor_pct","confproccount_pct","confproccountperfaculty_pct","pctoffacwithconfproc_pct","confprocweight","chaptercount","chaptercount_pct","chaptercount_rank","chaptercount_zscore","chaptercountperfaculty","chaptercountperfaculty_pct","chaptercountperfaculty_rank","chaptercountperfaculty_zscore","chapterfacultycount","chapterfacultycount_pct","chapterfacultycount_rank","chapterfacultycount_zscore","patentcount","patentcount_pct","patentcount_rank","patentcount_zscore","patentcountperfaculty","patentcountperfaculty_pct","patentcountperfaculty_rank","patentcountperfaculty_zscore","patentfacultycount","patentfacultycount_pct","patentfacultycount_rank","patentfacultycount_zscore","pctoffacwithchapter","pctoffacwithchapter_pct","pctoffacwithchapter_rank","pctoffacwithchapter_zscore","pctoffacwithpatent","pctoffacwithpatent_pct","pctoffacwithpatent_rank","pctoffacwithpatent_zscore","pctoffacwithtrial","pctoffacwithtrial_pct","pctoffacwithtrial_rank","pctoffacwithtrial_zscore","trialcount","trialcount_pct","trialcount_rank","trialcount_zscore","trialcountperfaculty","trialcountperfaculty_pct","trialcountperfaculty_rank","trialcountperfaculty_zscore","trialfacultycount","trialfacultycount_pct","trialfacultycount_rank","trialfacultycount_zscore","chaptersweight","patentsweight","trialsweight"
"AAD2023.06.02752","103","90","6","Kansas State University","Agronomy, Department of","Agronomy and Crop Science","39","8.0000","910","1.0000","39","8.0000","23.3300","3.0000","16868","2.0000","39","8.0000","1.0000","1.0000","8","15.0000","9","22.0000","12761909.0000","13.0000","78","1.0000","27","1.0000","9","2.0000","7","1.0000","10","17","5","23","20","0.1800","1.6000","3.0000","93.5500","0.2300","1.7500","2.0000","96.7700","1.0000","0.6900","1.0000","100.0000","23.3300","1.4300","3.0000","93.5500","1.0000","0.6900","1.0000","100.0000","432.5100","0.9000","5.0000","87.1000","18.5400","-0.0600","16.0000","51.6100","0.2100","-1.0700","27.0000","16.1300","0.2300","-1.2600","28.0000","12.9000","327228.4400","-0.2700","15.0000","54.8400","1417989.8900","1.1100","4.0000","90.3200","2.0000","2.3700","1.0000","100.0000","0.6900","1.4700","3.0000","93.5500","0.4000","6.0000","83.8700","1.8900","2.2600","0.7600","-0.2800","0.7700","1.3700","0.3119","2.5400","2.1700","1.4800","0.1200","-0.6400","1.9000","0.6900","100.0000","100.0000","77.4200","54.8400","77.4200","93.5500","100.0000","100.0000","96.7700","96.7700","61.2900","32.2600","100.0000","77.4200","31","4/1/2025 16:37","19","10","1.9000","0.4900","0.2600","7.0000","11.0000","10.0000","11.0000","10.0000","0.8200","0.2338","0.5900","0.1400","0.4500","80.6500","67.7400","70.9700","67.7400","70.9700","7","14","83.8700","6.0000","0.9800","0.3600","74.1900","9.0000","0.5500","11","90.3200","4.0000","1.2800","2","48.3900","17.0000","-0.5800","0.0500","35.4800","21.0000","-0.7200","2","51.6100","16.0000","-0.3100","0.2800","80.6500","7.0000","0.8200","0.0500","38.7100","20.0000","-0.5100","0.0000","96.7700","2.0000","-0.1800","0","96.7700","2.0000","-0.1800","0.0000","96.7700","2.0000","-0.1800","0","96.7700","2.0000","-0.1800","11","7","0"
"AAD2023.06.02752","148","417","6","North Carolina State University","Crop and Soil Science, Department of","Agronomy and Crop Science","46","6.0000","592","8.0000","43","6.0000","13.7700","15.0000","6740","16.0000","43","6.0000","0.9800","28.0000","12","10.0000","19","11.0000","30449464.0000","2.0000","40","8.0000","17","7.0000","1","17.0000","1","15.0000","10","17","5","23","20","0.0200","-0.8700","26.0000","19.3500","0.0200","-0.8600","26.0000","19.3500","0.9300","0.2200","19.0000","41.9400","12.8700","-0.0600","17.0000","48.3900","0.9300","0.1000","19.0000","41.9400","146.5200","-0.6200","24.0000","25.8100","11.3900","-0.9000","28.0000","12.9000","0.2600","-0.7200","24.0000","25.8100","0.4100","-0.7000","24.0000","25.8100","661944.8700","0.7900","6.0000","83.8700","1602603.3700","1.4000","2.0000","96.7700","0.8700","0.1000","12.0000","64.5200","0.3700","-0.2500","20.0000","38.7100","-0.2000","18.0000","45.1600","0.6700","-0.5100","0.9900","0.3600","1.0000","-0.0400","-0.5104","0.7400","-0.5300","-0.1200","1.8800","0.1700","0.7700","1.0900","80.6500","54.8400","83.8700","70.9700","83.8700","54.8400","12.9000","77.4200","48.3900","51.6100","96.7700","67.7400","77.4200","83.8700","31","4/1/2025 16:37","20","8","2.5000","0.4300","0.1700","10.0000","7.0000","9.0000","14.0000","18.0000","0.4100","0.7870","0.6800","0.0100","-0.1800","70.9700","80.6500","74.1900","58.0600","45.1600","7","5","48.3900","17.0000","-0.4300","0.1100","16.1300","27.0000","-0.9700","4","51.6100","16.0000","-0.3400","29","96.7700","2.0000","2.3000","0.6300","93.5500","3.0000","1.5800","3","64.5200","12.0000","0.0500","0.0900","16.1300","27.0000","-0.9900","0.0700","45.1600","18.0000","-0.3600","0.0000","96.7700","2.0000","-0.1800","0","96.7700","2.0000","-0.1800","0.0000","96.7700","2.0000","-0.1800","0","96.7700","2.0000","-0.1800","11","7","0"
"AAD2023.06.02752","161","593","6","Oregon State University","Crop and Soil Science, Department of","Agronomy and Crop Science","38","9.0000","375","16.0000","34","9.0000","11.0300","21.0000","7265","15.0000","34","9.0000","0.9700","29.0000","7","21.0000","11","19.0000","7651605.0000","17.0000","19","16.0000","14","12.0000","1","17.0000","1","15.0000","10","17","5","23","20","0.0300","-0.8000","25.0000","22.5800","0.0300","-0.8100","25.0000","22.5800","0.8900","-0.0700","23.0000","29.0300","9.8700","-0.4900","22.0000","32.2600","0.8900","-0.2700","23.0000","29.0300","191.1800","-0.3800","17.0000","48.3900","19.3700","0.0400","13.0000","61.2900","0.1800","-1.1900","28.0000","12.9000","0.2900","-1.0800","26.0000","19.3500","201358.0300","-0.6700","23.0000","29.0300","695600.4500","0.0000","10.0000","70.9700","0.5000","-0.6500","22.0000","32.2600","0.3700","-0.2600","21.0000","35.4800","-0.4000","21.0000","35.4800","0.3000","-0.5100","0.4700","-0.4400","0.4900","-0.4400","-0.7218","-0.2500","-0.5300","-0.0400","-0.3900","-0.4800","-0.0100","0.6400","64.5200","54.8400","74.1900","35.4800","74.1900","35.4800","9.6800","51.6100","48.3900","54.8400","48.3900","41.9400","51.6100","74.1900","31","4/1/2025 16:37","11","6","1.8300","0.2900","0.1600","14.0000","12.0000","14.0000","19.0000","19.0000","0.0100","0.1692","-0.1200","-0.3500","-0.3000","58.0600","64.5200","58.0600","41.9400","41.9400","7","14","83.8700","6.0000","0.9800","0.3700","77.4200","8.0000","0.6000","8","77.4200","8.0000","0.5800","4","54.8400","15.0000","-0.3600","0.1100","48.3900","17.0000","-0.5000","3","64.5200","12.0000","0.0500","0.2100","58.0600","14.0000","0.1500","0.0800","48.3900","17.0000","-0.2200","0.0000","96.7700","2.0000","-0.1800","0","96.7700","2.0000","-0.1800","0.0000","96.7700","2.0000","-0.1800","0","96.7700","2.0000","-0.1800","11","7","0"
"AAD2023.06.02752","215","1149","6","Texas A&M University","Soil and Crop Sciences, Department of","Agronomy and Crop Science","66","2.0000","819","3.0000","64","2.0000","12.8000","18.0000","11799","9.0000","64","2.0000","1.0000","1.0000","23","2.0000","39","4.0000","28066931.0000","4.0000","48","4.0000","20","6.0000","8","4.0000","6","4.0000","10","17","5","23","20","0.0900","0.2100","11.0000","67.7400","0.1200","0.3800","10.0000","70.9700","0.9700","0.4700","13.0000","61.2900","12.4100","-0.1200","18.0000","45.1600","0.9700","0.4100","14.0000","58.0600","178.7700","-0.4500","20.0000","38.7100","14.4100","-0.5500","21.0000","35.4800","0.3500","-0.1800","17.0000","48.3900","0.5900","-0.1500","16.0000","51.6100","425256.5300","0.0400","11.0000","67.7400","719664.9000","0.0300","8.0000","77.4200","0.7300","-0.1900","17.0000","48.3900","0.3000","-0.6100","24.0000","25.8100","0.0000","16.0000","51.6100","1.0300","1.8000","2.1800","2.1200","2.1800","-0.1800","0.3119","1.1200","1.8300","0.6800","1.6400","1.8000","1.5800","2.2400","83.8700","90.3200","96.7700","96.7700","96.7700","45.1600","100.0000","90.3200","90.3200","74.1900","90.3200","90.3200","93.5500","96.7700","31","4/1/2025 16:37","30","18","1.6700","0.4500","0.2700","1.0000","16.0000","3.0000","12.0000","9.0000","2.4200","0.0217","1.5800","0.0600","0.5700","100.0000","51.6100","93.5500","64.5200","74.1900","7","15","87.1000","5.0000","1.1400","0.2300","45.1600","18.0000","-0.2500","14","96.7700","2.0000","1.9700","33","100.0000","1.0000","2.7300","0.5000","83.8700","6.0000","1.0600","11","100.0000","1.0000","2.8700","0.2100","61.2900","13.0000","0.1700","0.1700","83.8700","6.0000","0.7100","0.0000","96.7700","2.0000","-0.1800","0","96.7700","2.0000","-0.1800","0.0000","96.7700","2.0000","-0.1800","0","96.7700","2.0000","-0.1800","11","7","0"
"AAD2023.06.02752","250","1628","6","University of Arkansas","Crop, Soil and Environmental Sciences, Department of","Agronomy and Crop Science","17","19.0000","393","14.0000","17","18.0000","23.1200","4.0000","3939","19.0000","17","18.0000","1.0000","1.0000","3","28.0000","3","28.0000","1365914.0000","28.0000","15","19.0000","7","19.0000","2","8.0000","2","8.0000","10","17","5","23","20","0.1200","0.6300","9.0000","74.1900","0.1200","0.3400","12.0000","64.5200","1.0000","0.6900","1.0000","100.0000","23.1200","1.4000","4.0000","90.3200","1.0000","0.6900","1.0000","100.0000","231.7100","-0.1700","16.0000","51.6100","10.0200","-1.0700","29.0000","9.6800","0.1800","-1.2400","29.0000","9.6800","0.1800","-1.4200","30.0000","6.4500","80347.8800","-1.0500","29.0000","9.6800","455304.6700","-0.3800","19.0000","41.9400","0.8800","0.1200","11.0000","67.7400","0.4100","-0.0300","17.0000","48.3900","0.2000","9.0000","74.1900","-0.5600","-0.0400","-0.4900","-1.0800","-0.4700","1.3400","0.3119","-0.4400","-0.2000","-0.5600","-1.0200","-1.1300","0.0500","-0.5700","41.9400","77.4200","45.1600","12.9000","45.1600","90.3200","100.0000","41.9400","77.4200","41.9400","12.9000","12.9000","58.0600","41.9400","31","4/1/2025 16:37","1","1","1.0000","0.0600","0.0600","24.0000","22.0000","23.0000","26.0000","26.0000","-0.9900","-0.5960","-1.0200","-0.9300","-1.0600","25.8100","32.2600","29.0300","19.3500","19.3500","7","2","25.8100","24.0000","-0.9000","0.1200","22.5800","25.0000","-0.9200","2","32.2600","22.0000","-0.8100","13","83.8700","6.0000","0.5900","0.7600","96.7700","2.0000","2.1100","5","83.8700","6.0000","0.7500","0.1200","29.0300","23.0000","-0.7100","0.2900","96.7700","2.0000","2.0500","0.0000","96.7700","2.0000","-0.1800","0","96.7700","2.0000","-0.1800","0.0000","96.7700","2.0000","-0.1800","0","96.7700","2.0000","-0.1800","11","7","0"
"AAD2023.06.02752","273","2122","6","University of Florida","Agronomy, Department of","Agronomy and Crop Science","32","11.0000","769","4.0000","31","11.0000","24.8100","2.0000","9237","12.0000","31","11.0000","1.0000","1.0000","8","15.0000","9","22.0000","3416258.0000","23.0000","25","12.0000","14","12.0000","1","17.0000","1","15.0000","10","17","5","23","20","0.0300","-0.7200","23.0000","29.0300","0.0300","-0.7400","23.0000","29.0300","0.9700","0.4700","14.0000","58.0600","24.0300","1.5300","2.0000","96.7700","0.9700","0.4100","15.0000","54.8400","288.6600","0.1300","10.0000","70.9700","12.0100","-0.8300","27.0000","16.1300","0.2500","-0.7900","25.0000","22.5800","0.2800","-1.1000","27.0000","16.1300","106758.0600","-0.9700","28.0000","12.9000","379584.2200","-0.4900","20.0000","38.7100","0.7800","-0.0800","15.0000","54.8400","0.4400","0.1100","14.0000","58.0600","0.4000","6.0000","83.8700","0.3000","-0.5100","0.3000","-0.2800","0.3200","1.5900","0.3119","0.0300","-0.5300","0.2700","-0.8100","-0.6400","1.4000","0.2900","64.5200","54.8400","67.7400","54.8400","67.7400","96.7700","100.0000","64.5200","48.3900","64.5200","29.0300","32.2600","90.3200","67.7400","31","4/1/2025 16:37","36","9","4.0000","1.1300","0.2800","9.0000","1.0000","2.0000","3.0000","7.0000","0.6100","2.1700","2.1100","1.7500","0.6400","74.1900","100.0000","96.7700","93.5500","80.6500","7","14","83.8700","6.0000","0.9800","0.4400","87.1000","5.0000","1.0200","9","80.6500","7.0000","0.8100","6","64.5200","12.0000","-0.1500","0.1900","54.8400","15.0000","-0.1800","3","64.5200","12.0000","0.0500","0.2800","77.4200","8.0000","0.8100","0.0900","58.0600","14.0000","-0.0600","0.0000","96.7700","2.0000","-0.1800","0","96.7700","2.0000","-0.1800","0.0000","96.7700","2.0000","-0.1800","0","96.7700","2.0000","-0.1800","11","7","0"
"AAD2023.06.02752","290","2510","6","University of Maryland Eastern Shore","Agriculture, Food and Resource Sciences, Department of","Agronomy and Crop Science","19","16.0000","117","23.0000","15","19.0000","7.8000","26.0000","1420","26.0000","17","18.0000","1.0000","1.0000","11","12.0000","21","9.0000","10107860.0000","14.0000","3","28.0000","2","28.0000","1","17.0000","1","15.0000","10","17","5","23","20","0.0500","-0.3900","19.0000","41.9400","0.0500","-0.4800","20.0000","38.7100","0.7900","-0.8200","26.0000","19.3500","6.1600","-1.0200","26.0000","19.3500","0.8900","-0.2700","23.0000","29.0300","74.7400","-1.0000","29.0000","9.6800","12.1400","-0.8100","26.0000","19.3500","0.5800","1.2400","4.0000","90.3200","1.1100","1.4200","4.0000","90.3200","531992.6300","0.3800","10.0000","70.9700","481326.6700","-0.3400","17.0000","48.3900","0.1600","-1.3300","29.0000","9.6800","0.1100","-1.6600","30.0000","6.4500","-0.8000","26.0000","19.3500","-1.1700","-0.5100","-0.4900","0.2000","-0.5900","-0.9100","0.3119","-1.0100","-0.5300","-0.9600","-0.1500","0.3300","-0.9300","-0.4500","12.9000","54.8400","45.1600","64.5200","41.9400","19.3500","100.0000","12.9000","48.3900","19.3500","58.0600","74.1900","29.0300","51.6100","31","4/1/2025 16:37","3","2","1.5000","0.1600","0.1100","20.0000","18.0000","21.0000","21.0000","23.0000","-0.7900","-0.1350","-0.8400","-0.6800","-0.7000","38.7100","45.1600","35.4800","35.4800","29.0300","7","2","25.8100","24.0000","-0.9000","0.1100","12.9000","28.0000","-0.9900","2","32.2600","22.0000","-0.8100","0","29.0300","23.0000","-0.7900","0.0000","29.0300","23.0000","-0.9200","0","29.0300","23.0000","-1.0100","0.1100","19.3500","26.0000","-0.8200","0.0000","29.0300","23.0000","-1.0500","0.0000","96.7700","2.0000","-0.1800","0","96.7700","2.0000","-0.1800","0.0000","96.7700","2.0000","-0.1800","0","96.7700","2.0000","-0.1800","11","7","0"
"AAD2023.06.02752","48","3910","6","Colorado State University","Soil and Crop Sciences, Department of","Agronomy and Crop Science","15","20.0000","339","18.0000","15","19.0000","22.6000","5.0000","14030","5.0000","15","20.0000","1.0000","1.0000","8","15.0000","20","10.0000","13493617.0000","12.0000","26","11.0000","13","14.0000","1","17.0000","1","15.0000","10","17","5","23","20","0.0700","-0.1700","15.0000","54.8400","0.0700","-0.3000","17.0000","48.3900","1.0000","0.6900","1.0000","100.0000","22.6000","1.3300","5.0000","87.1000","1.0000","0.6900","1.0000","100.0000","935.3300","3.5800","1.0000","100.0000","41.3900","2.6500","1.0000","100.0000","0.5300","0.9600","7.0000","80.6500","1.3300","2.1200","1.0000","100.0000","899574.4700","1.5500","2.0000","96.7700","674680.8500","-0.0400","11.0000","67.7400","1.7300","1.8300","3.0000","93.5500","0.8700","2.4000","2.0000","96.7700","0.9000","1.0000","100.0000","0.1800","-0.5100","-0.6000","-0.2800","-0.5900","1.2600","0.3119","0.0800","-0.5300","1.0300","0.1900","0.2500","-0.1400","-0.6800","58.0600","54.8400","38.7100","54.8400","41.9400","87.1000","100.0000","67.7400","48.3900","87.1000","64.5200","70.9700","45.1600","38.7100","31","4/1/2025 16:37","10","6","1.6700","0.6700","0.4000","14.0000","16.0000","18.0000","7.0000","3.0000","0.0100","0.0217","-0.2100","0.5900","1.5400","58.0600","51.6100","45.1600","80.6500","93.5500","7","9","67.7400","11.0000","0.2000","0.6000","96.7700","2.0000","2.0100","5","54.8400","15.0000","-0.1100","3","51.6100","16.0000","-0.4700","0.2000","58.0600","14.0000","-0.1300","2","51.6100","16.0000","-0.3100","0.3300","93.5500","3.0000","1.2900","0.1300","67.7400","11.0000","0.3500","0.0000","96.7700","2.0000","-0.1800","0","96.7700","2.0000","-0.1800","0.0000","96.7700","2.0000","-0.1800","0","96.7700","2.0000","-0.1800","11","7","0"
"AAD2023.06.02752","274","4774","6","University of Georgia","Crop and Soil Science, Department of","Agronomy and Crop Science","51","4.0000","719","5.0000","50","4.0000","14.3800","13.0000","13925","6.0000","50","4.0000","1.0000","1.0000","14","6.0000","40","3.0000","31537248.0000","1.0000","57","3.0000","23","4.0000","2","8.0000","2","8.0000","10","17","5","23","20","0.0400","-0.6000","21.0000","35.4800","0.0400","-0.6400","22.0000","32.2600","0.9800","0.5500","12.0000","64.5200","14.1000","0.1200","13.0000","61.2900","0.9800","0.5100","12.0000","64.5200","273.0400","0.0500","12.0000","64.5200","19.3700","0.0400","14.0000","58.0600","0.2700","-0.6400","22.0000","32.2600","0.7800","0.4400","9.0000","74.1900","618377.4100","0.6600","8.0000","77.4200","788431.2000","0.1400","7.0000","80.6500","1.1200","0.6000","7.0000","80.6500","0.4500","0.1800","13.0000","61.2900","0.1000","11.0000","67.7400","1.4000","-0.0400","1.3800","0.6800","1.3900","0.0500","0.3119","1.5500","-0.2000","1.0100","1.9900","1.8800","1.2200","1.3800","90.3200","77.4200","90.3200","83.8700","90.3200","61.2900","100.0000","93.5500","77.4200","83.8700","100.0000","93.5500","87.1000","90.3200","31","4/1/2025 16:37","26","10","2.6000","0.5100","0.2000","7.0000","6.0000","4.0000","10.0000","17.0000","0.8200","0.8792","1.2200","0.2000","-0.0100","80.6500","83.8700","90.3200","70.9700","48.3900","7","8","64.5200","12.0000","0.0400","0.1600","25.8100","24.0000","-0.6800","7","70.9700","10.0000","0.3500","29","96.7700","2.0000","2.3000","0.5700","90.3200","4.0000","1.3300","6","93.5500","3.0000","1.1000","0.1400","32.2600","22.0000","-0.5300","0.1200","61.2900","13.0000","0.1900","0.0000","96.7700","2.0000","-0.1800","0","96.7700","2.0000","-0.1800","0.0000","96.7700","2.0000","-0.1800","0","96.7700","2.0000","-0.1800","11","7","0"
"AAD2023.06.02752","280","4846","6","University of Illinois at Urbana-Champaign","Crop Sciences, Department of","Agronomy and Crop Science","40","7.0000","578","9.0000","40","7.0000","14.4500","12.0000","14297","4.0000","40","7.0000","1.0000","1.0000","13","8.0000","23","8.0000","14372583.0000","11.0000","42","7.0000","16","9.0000","2","8.0000","2","8.0000","10","17","5","23","20","0.0500","-0.4300","20.0000","38.7100","0.0500","-0.5100","21.0000","35.4800","1.0000","0.6900","1.0000","100.0000","14.4500","0.1700","11.0000","67.7400","1.0000","0.6900","1.0000","100.0000","357.4300","0.5000","9.0000","74.1900","24.7400","0.6800","7.0000","80.6500","0.3300","-0.3300","18.0000","45.1600","0.5800","-0.2000","19.0000","41.9400","359314.5800","-0.1700","12.0000","64.5200","624894.9100","-0.1100","13.0000","61.2900","1.0500","0.4600","9.0000","74.1900","0.4000","-0.0900","19.0000","41.9400","0.2000","9.0000","74.1900","0.5400","-0.0400","0.8200","0.5200","0.8300","0.0600","0.3119","0.8400","-0.2000","1.0700","0.2800","0.5000","0.7200","0.7500","74.1900","77.4200","80.6500","77.4200","80.6500","64.5200","100.0000","80.6500","77.4200","90.3200","67.7400","77.4200","74.1900","80.6500","31","4/1/2025 16:37","11","6","1.8300","0.2800","0.1500","14.0000","12.0000","14.0000","20.0000","21.0000","0.0100","0.1692","-0.1200","-0.3900","-0.3600","58.0600","64.5200","58.0600","38.7100","35.4800","7","11","70.9700","10.0000","0.5100","0.2800","54.8400","15.0000","0.0400","7","70.9700","10.0000","0.3500","18","90.3200","4.0000","1.1300","0.4500","80.6500","7.0000","0.8600","9","96.7700","2.0000","2.1600","0.1800","41.9400","19.0000","-0.1700","0.2300","90.3200","4.0000","1.3200","0.0000","96.7700","2.0000","-0.1800","0","96.7700","2.0000","-0.1800","0.0000","96.7700","2.0000","-0.1800","0","96.7700","2.0000","-0.1800","11","7","0"
"AAD2023.06.02752","357","5341","6","Washington State University","Crop and Soil Science, Department of","Agronomy and Crop Science","29","13.0000","416","12.0000","28","13.0000","14.8600","11.0000","10676","11.0000","28","13.0000","1.0000","1.0000","13","8.0000","19","11.0000","17407236.0000","9.0000","20","15.0000","12","15.0000","2","8.0000","1","15.0000","10","17","5","23","20","0.0300","-0.6700","22.0000","32.2600","0.0700","-0.2700","16.0000","51.6100","0.9700","0.4400","15.0000","54.8400","14.3400","0.1500","12.0000","64.5200","0.9700","0.3800","16.0000","51.6100","368.1400","0.5600","8.0000","77.4200","25.6600","0.7900","6.0000","83.8700","0.4500","0.4400","13.0000","61.2900","0.6600","0.0500","14.0000","58.0600","600249.5200","0.6000","9.0000","74.1900","916170.3200","0.3400","6.0000","83.8700","0.6900","-0.2600","19.0000","41.9400","0.4100","-0.0100","16.0000","51.6100","0.1000","11.0000","67.7400","0.0600","-0.5100","0.1300","0.5200","0.1500","0.1200","0.3119","-0.2000","-0.2000","0.5000","0.5800","0.1700","0.1400","0.1200","54.8400","54.8400","61.2900","77.4200","61.2900","67.7400","100.0000","54.8400","77.4200","67.7400","74.1900","67.7400","64.5200","61.2900","31","4/1/2025 16:37","9","7","1.2900","0.3100","0.2400","11.0000","21.0000","19.0000","18.0000","12.0000","0.2100","-0.3287","-0.3000","-0.3000","0.3300","67.7400","35.4800","41.9400","45.1600","64.5200","7","16","90.3200","4.0000","1.2900","0.5500","93.5500","3.0000","1.7200","6","61.2900","13.0000","0.1200","2","48.3900","17.0000","-0.5800","0.0700","41.9400","19.0000","-0.6500","1","38.7100","20.0000","-0.6600","0.2100","51.6100","16.0000","0.1200","0.0300","35.4800","21.0000","-0.6900","0.0000","96.7700","2.0000","-0.1800","0","96.7700","2.0000","-0.1800","0.0000","96.7700","2.0000","-0.1800","0","96.7700","2.0000","-0.1800","11","7","0"
"AAD2023.06.02752","99","5678","6","Iowa State University","Agronomy, Department of","Agronomy and Crop Science","27","14.0000","482","10.0000","27","14.0000","17.8500","9.0000","13153","7.0000","27","14.0000","1.0000","1.0000","15","5.0000","33","5.0000","22129007.0000","6.0000","38","9.0000","17","7.0000","9","2.0000","6","4.0000","10","17","5","23","20","0.2200","2.2700","1.0000","100.0000","0.3300","3.0300","1.0000","100.0000","1.0000","0.6900","1.0000","100.0000","17.8500","0.6500","8.0000","77.4200","1.0000","0.6900","1.0000","100.0000","487.1500","1.1900","3.0000","93.5500","27.2900","0.9800","4.0000","90.3200","0.5600","1.1000","6.0000","83.8700","1.2200","1.7800","2.0000","96.7700","819592.8500","1.2900","3.0000","93.5500","670575.9700","-0.0400","12.0000","64.5200","1.4100","1.1800","5.0000","87.1000","0.6300","1.1400","4.0000","90.3200","0.6000","4.0000","90.3200","0.6700","1.8000","0.0800","0.8400","0.0900","0.5600","0.3119","0.6500","2.1700","0.8900","1.0500","1.3100","0.3700","0.0100","80.6500","90.3200","58.0600","87.1000","58.0600","74.1900","100.0000","74.1900","96.7700","80.6500","83.8700","87.1000","70.9700","58.0600","31","4/1/2025 16:37","37","11","3.3600","1.3700","0.4100","6.0000","3.0000","1.0000","1.0000","2.0000","1.0200","1.5799","2.2000","2.3600","1.6000","83.8700","93.5500","100.0000","100.0000","96.7700","7","14","83.8700","6.0000","0.9800","0.5200","90.3200","4.0000","1.5200","10","87.1000","5.0000","1.0500","12","80.6500","7.0000","0.4900","0.4400","77.4200","8.0000","0.8400","6","93.5500","3.0000","1.1000","0.3700","96.7700","2.0000","1.6400","0.2200","87.1000","5.0000","1.2900","0.0000","96.7700","2.0000","-0.1800","0","96.7700","2.0000","-0.1800","0.0000","96.7700","2.0000","-0.1800","0","96.7700","2.0000","-0.1800","11","7","0"
"AAD2023.06.02752","132","6316","6","Michigan State University","Plant, Soil, and Microbial Sciences, Department of","Agronomy and Crop Science","47","5.0000","891","2.0000","45","5.0000","19.8000","7.0000","26574","1.0000","46","5.0000","1.0000","1.0000","23","2.0000","42","2.0000","29712099.0000","3.0000","73","2.0000","23","4.0000","10","1.0000","7","1.0000","10","17","5","23","20","0.1500","1.1200","5.0000","87.1000","0.2100","1.5300","4.0000","90.3200","0.9600","0.3800","17.0000","48.3900","18.9600","0.8100","7.0000","80.6500","0.9800","0.5000","13.0000","61.2900","565.4000","1.6100","2.0000","96.7700","29.8200","1.2800","3.0000","93.5500","0.4900","0.6900","10.0000","70.9700","0.8900","0.7800","8.0000","77.4200","632172.3200","0.7000","7.0000","80.6500","707430.9300","0.0100","9.0000","74.1900","1.5500","1.4700","4.0000","90.3200","0.4900","0.3900","9.0000","74.1900","0.4000","6.0000","83.8700","1.4000","2.2600","1.1600","2.1200","1.1100","0.8500","0.3119","2.3000","2.5000","3.0100","1.8100","2.0400","1.8300","1.1500","90.3200","100.0000","87.1000","96.7700","87.1000","80.6500","100.0000","96.7700","100.0000","100.0000","93.5500","96.7700","96.7700","87.1000","31","4/1/2025 16:37","21","12","1.7500","0.4500","0.2600","3.0000","14.0000","7.0000","13.0000","11.0000","1.2200","0.0955","0.7700","0.0400","0.4400","93.5500","58.0600","80.6500","61.2900","67.7400","7","18","93.5500","3.0000","1.6100","0.3800","80.6500","7.0000","0.6900","10","87.1000","5.0000","1.0500","10","70.9700","10.0000","0.2800","0.2100","61.2900","13.0000","-0.0800","6","93.5500","3.0000","1.1000","0.2100","64.5200","12.0000","0.1800","0.1300","64.5200","12.0000","0.2900","0.0000","96.7700","2.0000","-0.1800","0","96.7700","2.0000","-0.1800","0.0000","96.7700","2.0000","-0.1800","0","96.7700","2.0000","-0.1800","11","7","0"
"AAD2023.06.02752","308","7971","6","University of Nebraska - Lincoln","Agronomy and Horticulture, Department of","Agronomy and Crop Science","54","3.0000","702","7.0000","53","3.0000","13.2500","17.0000","15548","3.0000","53","3.0000","1.0000","1.0000","16","4.0000","27","6.0000","14686483.0000","10.0000","46","5.0000","26","3.0000","5","6.0000","3","6.0000","10","17","5","23","20","0.0600","-0.3400","17.0000","48.3900","0.0900","0.0200","13.0000","61.2900","0.9800","0.5600","11.0000","67.7400","13.0000","-0.0400","16.0000","51.6100","0.9800","0.5200","11.0000","67.7400","287.9300","0.1300","11.0000","67.7400","22.1500","0.3700","9.0000","74.1900","0.3000","-0.5000","20.0000","38.7100","0.5000","-0.4300","21.0000","35.4800","271971.9100","-0.4400","20.0000","38.7100","543943.8100","-0.2400","15.0000","54.8400","0.8500","0.0600","13.0000","61.2900","0.4800","0.3500","10.0000","70.9700","0.1000","11.0000","67.7400","1.7700","0.4200","1.5500","1.0000","1.5600","-0.1100","0.3119","1.0300","0.8200","1.2700","0.3100","0.8200","1.1600","1.5500","93.5500","83.8700","93.5500","90.3200","93.5500","48.3900","100.0000","87.1000","83.8700","93.5500","70.9700","83.8700","80.6500","93.5500","31","4/1/2025 16:37","23","12","1.9200","0.4300","0.2200","3.0000","10.0000","5.0000","15.0000","14.0000","1.2200","0.2522","0.9500","-0.0100","0.1900","93.5500","70.9700","87.1000","54.8400","58.0600","7","21","100.0000","1.0000","2.0800","0.3900","83.8700","6.0000","0.7300","16","100.0000","1.0000","2.4300","18","90.3200","4.0000","1.1300","0.3300","70.9700","10.0000","0.4000","5","83.8700","6.0000","0.7500","0.3000","87.1000","5.0000","0.9500","0.0900","54.8400","15.0000","-0.0800","0.0000","96.7700","2.0000","-0.1800","0","96.7700","2.0000","-0.1800","0.0000","96.7700","2.0000","-0.1800","0","96.7700","2.0000","-0.1800","11","7","0"
"AAD2023.06.02752","347","8317","6","University of Wisconsin - Madison","Agronomy, Department of","Agronomy and Crop Science","18","18.0000","368","17.0000","18","17.0000","20.4400","6.0000","7726","14.0000","18","17.0000","1.0000","1.0000","12","10.0000","18","13.0000","26940794.0000","5.0000","19","16.0000","9","17.0000","1","17.0000","1","15.0000","10","17","5","23","20","0.0600","-0.3400","17.0000","48.3900","0.0600","-0.4400","19.0000","41.9400","1.0000","0.6900","1.0000","100.0000","20.4400","1.0200","6.0000","83.8700","1.0000","0.6900","1.0000","100.0000","429.2200","0.8800","6.0000","83.8700","20.9900","0.2300","11.0000","67.7400","0.6700","1.7800","1.0000","100.0000","1.0000","1.1000","5.0000","87.1000","1496710.7800","3.4400","1.0000","100.0000","1496710.7800","1.2400","3.0000","93.5500","1.0600","0.4700","8.0000","77.4200","0.5000","0.4500","6.0000","83.8700","0.8000","2.0000","96.7700","-0.3100","-0.5100","-0.4300","0.3600","-0.4200","0.9400","0.3119","-0.2500","-0.5300","0.0400","1.5300","0.0900","-0.0300","-0.5100","48.3900","54.8400","48.3900","70.9700","48.3900","83.8700","100.0000","51.6100","48.3900","58.0600","87.1000","61.2900","48.3900","45.1600","31","4/1/2025 16:37","11","5","2.2000","0.6100","0.2800","18.0000","8.0000","14.0000","8.0000","8.0000","-0.1900","0.5104","-0.1200","0.4500","0.6100","45.1600","77.4200","58.0600","77.4200","77.4200","7","2","25.8100","24.0000","-0.9000","0.1100","19.3500","26.0000","-0.9600","2","32.2600","22.0000","-0.8100","10","70.9700","10.0000","0.2800","0.5600","87.1000","5.0000","1.2800","5","83.8700","6.0000","0.7500","0.1100","22.5800","25.0000","-0.7700","0.2800","93.5500","3.0000","1.8800","0.0000","96.7700","2.0000","-0.1800","0","96.7700","2.0000","-0.1800","0.0000","96.7700","2.0000","-0.1800","0","96.7700","2.0000","-0.1800","11","7","0"
"AAD2023.06.02752","168","9065","6","Purdue University","Agronomy, Department of","Agronomy and Crop Science","32","11.0000","426","11.0000","30","12.0000","14.2000","14.0000","8736","13.0000","30","12.0000","1.0000","1.0000","9","14.0000","17","14.0000","9712996.0000","15.0000","36","10.0000","15","11.0000","2","8.0000","2","8.0000","10","17","5","23","20","0.0600","-0.2300","16.0000","51.6100","0.0600","-0.3500","18.0000","45.1600","0.9400","0.2400","18.0000","45.1600","13.3100","0.0000","15.0000","54.8400","0.9400","0.1200","18.0000","45.1600","273.0000","0.0500","13.0000","61.2900","20.5100","0.1800","12.0000","64.5200","0.2800","-0.6000","21.0000","35.4800","0.5300","-0.3300","20.0000","38.7100","303531.1300","-0.3400","17.0000","48.3900","571352.7100","-0.2000","14.0000","58.0600","1.1300","0.6100","6.0000","83.8700","0.4700","0.2800","12.0000","64.5200","0.1000","11.0000","67.7400","0.4200","-0.0400","0.2500","-0.1200","0.2600","0.0300","0.3119","0.5500","-0.2000","0.2000","-0.1900","0.0100","0.1700","0.2900","67.7400","77.4200","64.5200","58.0600","64.5200","58.0600","100.0000","70.9700","77.4200","61.2900","54.8400","58.0600","67.7400","67.7400","31","4/1/2025 16:37","12","7","1.7100","0.3800","0.2200","11.0000","15.0000","13.0000","16.0000","16.0000","0.2100","0.0586","-0.0300","-0.1400","0.1600","67.7400","54.8400","61.2900","51.6100","51.6100","7","8","64.5200","12.0000","0.0400","0.2500","51.6100","16.0000","-0.1100","7","70.9700","10.0000","0.3500","12","80.6500","7.0000","0.4900","0.3800","74.1900","9.0000","0.5600","5","83.8700","6.0000","0.7500","0.2200","70.9700","10.0000","0.2300","0.1600","74.1900","9.0000","0.6000","0.0000","96.7700","2.0000","-0.1800","0","96.7700","2.0000","-0.1800","0.0000","96.7700","2.0000","-0.1800","0","96.7700","2.0000","-0.1800","11","7","0"
"AAD2023.06.02752","218","10326","6","Texas A&M Kingsville","Agriculture, Agribusiness, and Environmental Science, Department of","Agronomy and Crop Science","13","23.0000","97","25.0000","11","24.0000","8.8200","24.0000","1188","28.0000","10","25.0000","0.9100","30.0000","4","25.0000","8","24.0000","2563920.0000","26.0000","5","26.0000","3","26.0000","0","27.0000","0","27.0000","10","17","5","23","20","0.0000","-1.2100","27.0000","16.1300","0.0000","-1.1300","27.0000","16.1300","0.8500","-0.4100","25.0000","22.5800","7.4600","-0.8300","25.0000","22.5800","0.7700","-1.4100","29.0000","9.6800","91.3800","-0.9200","27.0000","16.1300","12.2500","-0.8000","25.0000","22.5800","0.3100","-0.4300","19.0000","41.9400","0.6200","-0.0800","15.0000","54.8400","197224.6200","-0.6800","24.0000","25.8100","320490.0000","-0.5900","25.0000","22.5800","0.3800","-0.8800","26.0000","19.3500","0.2300","-0.9900","26.0000","19.3500","-0.7000","25.0000","22.5800","-1.0400","-0.9700","-0.8900","-0.9200","-0.8100","-0.7700","-2.9772","-0.9100","-0.8700","-0.9900","-0.9000","-0.7200","-1.0000","-0.8000","19.3500","16.1300","22.5800","22.5800","25.8100","25.8100","6.4500","19.3500","16.1300","12.9000","19.3500","25.8100","22.5800","29.0300","31","4/1/2025 16:37","1","1","1.0000","0.0800","0.0800","24.0000","22.0000","23.0000","24.0000","25.0000","-0.9900","-0.5960","-1.0200","-0.8900","-0.9200","25.8100","32.2600","29.0300","25.8100","22.5800","7","3","35.4800","21.0000","-0.7400","0.2300","48.3900","17.0000","-0.2300","2","32.2600","22.0000","-0.8100","0","29.0300","23.0000","-0.7900","0.0000","29.0300","23.0000","-0.9200","0","29.0300","23.0000","-1.0100","0.1500","35.4800","21.0000","-0.3700","0.0000","29.0300","23.0000","-1.0500","0.0000","96.7700","2.0000","-0.1800","0","96.7700","2.0000","-0.1800","0.0000","96.7700","2.0000","-0.1800","0","96.7700","2.0000","-0.1800","11","7","0"
"AAD2023.06.02752","156","10483","6","Ohio State University, The","Horticulture and Crop Science, Department of","Agronomy and Crop Science","34","10.0000","282","19.0000","34","9.0000","8.2900","25.0000","4914","17.0000","34","9.0000","1.0000","1.0000","14","6.0000","25","7.0000","9477648.0000","16.0000","23","13.0000","16","9.0000","1","17.0000","1","15.0000","10","17","5","23","20","0.0300","-0.7500","24.0000","25.8100","0.0300","-0.7700","24.0000","25.8100","1.0000","0.6900","1.0000","100.0000","8.2900","-0.7100","24.0000","25.8100","1.0000","0.6900","1.0000","100.0000","144.5300","-0.6300","25.0000","22.5800","17.4300","-0.1900","17.0000","48.3900","0.4100","0.2100","15.0000","54.8400","0.7400","0.2900","11.0000","67.7400","278754.3500","-0.4200","19.0000","41.9400","379105.9200","-0.4900","21.0000","35.4800","0.6800","-0.2900","21.0000","35.4800","0.4700","0.2900","11.0000","67.7400","-0.4000","21.0000","35.4800","0.5400","-0.5100","0.4700","0.6800","0.4900","-0.8400","0.3119","-0.0600","-0.5300","-0.4100","-0.2100","0.6600","-0.3400","0.4100","74.1900","54.8400","74.1900","83.8700","74.1900","22.5800","100.0000","61.2900","48.3900","48.3900","51.6100","80.6500","41.9400","70.9700","31","4/1/2025 16:37","18","12","1.5000","0.5300","0.3500","3.0000","18.0000","12.0000","9.0000","6.0000","1.2200","-0.1350","0.5000","0.2500","1.1800","93.5500","45.1600","64.5200","74.1900","83.8700","7","7","54.8400","15.0000","-0.1200","0.2100","35.4800","21.0000","-0.3800","4","51.6100","16.0000","-0.3400","6","64.5200","12.0000","-0.1500","0.1800","51.6100","16.0000","-0.2200","3","64.5200","12.0000","0.0500","0.1200","29.0300","23.0000","-0.7100","0.0900","51.6100","16.0000","-0.1200","0.0000","96.7700","2.0000","-0.1800","0","96.7700","2.0000","-0.1800","0.0000","96.7700","2.0000","-0.1800","0","96.7700","2.0000","-0.1800","11","7","0"
"AAD2023.06.02752","103","12774","6","Kansas State University","Grain Science and Industry, Department of","Agronomy and Crop Science","13","23.0000","385","15.0000","12","23.0000","32.0800","1.0000","4893","18.0000","12","23.0000","1.0000","1.0000","6","23.0000","10","21.0000","3515968.0000","22.0000","11","20.0000","7","19.0000","2","8.0000","2","8.0000","10","17","5","23","20","0.1500","1.2000","4.0000","90.3200","0.1500","0.7900","5.0000","87.1000","0.9200","0.1400","22.0000","32.2600","29.6200","2.3300","1.0000","100.0000","0.9200","-0.0100","22.0000","32.2600","376.3800","0.6000","7.0000","80.6500","12.7100","-0.7500","24.0000","25.8100","0.4600","0.5200","11.0000","67.7400","0.7700","0.3900","10.0000","70.9700","270459.0800","-0.4500","21.0000","35.4800","351596.8000","-0.5400","24.0000","25.8100","0.8500","0.0500","14.0000","58.0600","0.5400","0.6500","5.0000","87.1000","0.7000","3.0000","93.5500","-0.5600","-0.0400","-0.7800","-0.6000","-0.7600","2.6500","0.3119","-0.6300","-0.2000","-0.4100","-0.8000","-0.5600","0.0300","-0.8000","41.9400","77.4200","29.0300","29.0300","29.0300","100.0000","100.0000","38.7100","77.4200","45.1600","32.2600","35.4800","54.8400","29.0300","31","4/1/2025 16:37","11","5","2.2000","0.8500","0.3800","18.0000","8.0000","14.0000","5.0000","4.0000","-0.1900","0.5104","-0.1200","1.0500","1.4200","45.1600","77.4200","58.0600","87.1000","90.3200","7","8","64.5200","12.0000","0.0400","0.6200","100.0000","1.0000","2.1000","6","61.2900","13.0000","0.1200","11","74.1900","9.0000","0.3800","0.8500","100.0000","1.0000","2.4300","4","70.9700","10.0000","0.4000","0.4600","100.0000","1.0000","2.4800","0.3100","100.0000","1.0000","2.2000","0.0000","96.7700","2.0000","-0.1800","0","96.7700","2.0000","-0.1800","0.0000","96.7700","2.0000","-0.1800","0","96.7700","2.0000","-0.1800","11","7","0"
"AAD2023.06.02752","301","16541","6","University of Minnesota, Twin Cities","Agronomy and Plant Genetics, Department of","Agronomy and Crop Science","24","15.0000","413","13.0000","23","15.0000","17.9600","8.0000","11234","10.0000","23","15.0000","1.0000","1.0000","11","12.0000","14","16.0000","19527767.0000","8.0000","22","14.0000","12","15.0000","3","7.0000","3","6.0000","10","17","5","23","20","0.1300","0.7500","8.0000","77.4200","0.1300","0.4300","9.0000","74.1900","0.9600","0.3900","16.0000","51.6100","17.2100","0.5600","10.0000","70.9700","0.9600","0.3100","17.0000","48.3900","468.0800","1.0900","4.0000","90.3200","27.2000","0.9700","5.0000","87.1000","0.4600","0.5000","12.0000","64.5200","0.5800","-0.1800","17.0000","48.3900","813656.9600","1.2800","4.0000","90.3200","1394840.5000","1.0800","5.0000","87.1000","0.9200","0.1900","10.0000","70.9700","0.5000","0.4500","6.0000","83.8700","0.6000","4.0000","90.3200","0.0600","0.4200","-0.1500","0.2000","-0.1400","0.5800","0.3119","-0.1100","0.1400","0.5900","0.7900","-0.2400","0.1300","-0.1700","54.8400","83.8700","54.8400","64.5200","54.8400","77.4200","100.0000","58.0600","80.6500","70.9700","77.4200","51.6100","61.2900","54.8400","31","4/1/2025 16:37","2","2","1.0000","0.0800","0.0800","20.0000","22.0000","22.0000","23.0000","24.0000","-0.7900","-0.5960","-0.9300","-0.8700","-0.8700","38.7100","32.2600","32.2600","29.0300","25.8100","7","7","54.8400","15.0000","-0.1200","0.2900","61.2900","13.0000","0.1400","8","77.4200","8.0000","0.5800","6","64.5200","12.0000","-0.1500","0.2500","64.5200","12.0000","0.0700","4","70.9700","10.0000","0.4000","0.3300","93.5500","3.0000","1.2900","0.1700","83.8700","6.0000","0.7100","0.0000","96.7700","2.0000","-0.1800","0","96.7700","2.0000","-0.1800","0.0000","96.7700","2.0000","-0.1800","0","96.7700","2.0000","-0.1800","11","7","0"
"AAD2023.06.02752","15","31849","6","Auburn University","Crop, Soil, and Environmental Sciences, Department of","Agronomy and Crop Science","19","16.0000","253","20.0000","19","16.0000","13.3200","16.0000","3537","21.0000","19","16.0000","1.0000","1.0000","8","15.0000","11","19.0000","2985424.0000","25.0000","9","22.0000","6","21.0000","0","27.0000","0","27.0000","10","17","5","23","20","0.0000","-1.2100","27.0000","16.1300","0.0000","-1.1300","27.0000","16.1300","1.0000","0.6900","1.0000","100.0000","13.3200","0.0000","14.0000","58.0600","1.0000","0.6900","1.0000","100.0000","186.1600","-0.4100","18.0000","45.1600","13.9800","-0.6000","23.0000","29.0300","0.4200","0.2700","14.0000","58.0600","0.5800","-0.1900","18.0000","45.1600","157127.5800","-0.8100","26.0000","19.3500","271402.1800","-0.6600","28.0000","12.9000","0.4700","-0.7000","24.0000","25.8100","0.3200","-0.5400","23.0000","29.0300","0.0000","16.0000","51.6100","-0.6800","-0.9700","-0.3800","-0.2800","-0.3600","-0.1000","0.3119","-0.7200","-0.8700","-0.6200","-0.8600","-0.4800","-0.4500","-0.4500","35.4800","16.1300","51.6100","54.8400","51.6100","51.6100","100.0000","32.2600","16.1300","35.4800","22.5800","41.9400","38.7100","51.6100","31","4/1/2025 16:37","21","7","3.0000","1.1100","0.3700","11.0000","5.0000","7.0000","4.0000","5.0000","0.2100","1.2480","0.7700","1.7000","1.3000","67.7400","87.1000","80.6500","90.3200","87.1000","7","4","45.1600","18.0000","-0.5900","0.2100","38.7100","20.0000","-0.3500","4","51.6100","16.0000","-0.3400","1","35.4800","21.0000","-0.6800","0.0500","38.7100","20.0000","-0.7100","1","38.7100","20.0000","-0.6600","0.2100","58.0600","14.0000","0.1500","0.0500","41.9400","19.0000","-0.5000","0.0000","96.7700","2.0000","-0.1800","0","96.7700","2.0000","-0.1800","0.0000","96.7700","2.0000","-0.1800","0","96.7700","2.0000","-0.1800","11","7","0"
"AAD2023.06.02752","313","33789","6","University of New Hampshire","Agriculture, Nutrition, and Food Systems, Department of","Agronomy and Crop Science","15","20.0000","155","21.0000","14","21.0000","11.0700","20.0000","3546","20.0000","14","21.0000","1.0000","1.0000","4","25.0000","6","26.0000","3254129.0000","24.0000","6","23.0000","5","22.0000","2","8.0000","2","8.0000","10","17","5","23","20","0.1300","0.8800","7.0000","80.6500","0.1300","0.5300","8.0000","77.4200","0.9300","0.2100","20.0000","38.7100","10.3300","-0.4200","21.0000","35.4800","0.9300","0.0800","20.0000","38.7100","236.4000","-0.1400","15.0000","54.8400","22.8800","0.4600","8.0000","77.4200","0.2700","-0.6900","23.0000","29.0300","0.4000","-0.7400","25.0000","22.5800","216941.9300","-0.6200","22.0000","32.2600","542354.8300","-0.2400","16.0000","51.6100","0.4000","-0.8500","25.0000","22.5800","0.3300","-0.4400","22.0000","32.2600","-0.4000","21.0000","35.4800","-0.8000","-0.0400","-0.6600","-0.9200","-0.6400","-0.4300","0.3119","-0.8600","-0.2000","-0.6200","-0.8300","-0.8900","-0.8000","-0.6800","32.2600","77.4200","35.4800","22.5800","35.4800","38.7100","100.0000","29.0300","77.4200","38.7100","25.8100","19.3500","35.4800","38.7100","31","4/1/2025 16:37","0","0","0.0000","0.0000","0.0000","27.0000","27.0000","27.0000","27.0000","27.0000","-1.1900","-1.5180","-1.1100","-1.0800","-1.5000","16.1300","16.1300","16.1300","16.1300","16.1300","7","3","35.4800","21.0000","-0.7400","0.2000","32.2600","22.0000","-0.4200","3","41.9400","19.0000","-0.5800","0","29.0300","23.0000","-0.7900","0.0000","29.0300","23.0000","-0.9200","0","29.0300","23.0000","-1.0100","0.2000","48.3900","17.0000","0.0600","0.0000","29.0300","23.0000","-1.0500","0.1300","100.0000","1.0000","5.3900","4","100.0000","1.0000","5.3900","0.2700","100.0000","1.0000","5.3900","2","100.0000","1.0000","5.3900","11","7","0"
"AAD2023.06.02752","278","34463","6","University of Idaho","Soil and Water Systems, Department of","Agronomy and Crop Science","14","22.0000","149","22.0000","13","22.0000","11.4600","19.0000","2128","22.0000","13","22.0000","1.0000","1.0000","8","15.0000","13","17.0000","4746614.0000","19.0000","10","21.0000","4","24.0000","2","8.0000","1","15.0000","10","17","5","23","20","0.0700","-0.0900","14.0000","58.0600","0.1400","0.6500","6.0000","83.8700","0.9300","0.1800","21.0000","35.4800","10.6400","-0.3800","19.0000","41.9400","0.9300","0.0400","21.0000","35.4800","152.0000","-0.5900","23.0000","29.0300","14.2800","-0.5600","22.0000","32.2600","0.5700","1.2000","5.0000","87.1000","0.9300","0.8800","7.0000","80.6500","339043.8600","-0.2300","14.0000","58.0600","365124.1500","-0.5200","22.0000","32.2600","0.7100","-0.2100","18.0000","45.1600","0.2900","-0.7000","25.0000","22.5800","-0.3000","20.0000","38.7100","-0.9200","-0.5100","-0.7200","-0.2800","-0.7000","-0.3800","0.3119","-0.6800","-0.2000","-0.8500","-0.6800","-0.3200","-0.8200","-0.7400","25.8100","54.8400","32.2600","54.8400","32.2600","41.9400","100.0000","35.4800","77.4200","32.2600","41.9400","48.3900","32.2600","32.2600","31","4/1/2025 16:37","19","6","3.1700","1.3600","0.4300","14.0000","4.0000","10.0000","2.0000","1.0000","0.0100","1.4047","0.5900","2.3300","1.7600","58.0600","90.3200","70.9700","96.7700","100.0000","7","3","35.4800","21.0000","-0.7400","0.2100","41.9400","19.0000","-0.3300","3","41.9400","19.0000","-0.5800","1","35.4800","21.0000","-0.6800","0.0700","45.1600","18.0000","-0.6400","2","51.6100","16.0000","-0.3100","0.2100","67.7400","11.0000","0.1900","0.1400","70.9700","10.0000","0.4600","0.0000","96.7700","2.0000","-0.1800","0","96.7700","2.0000","-0.1800","0.0000","96.7700","2.0000","-0.1800","0","96.7700","2.0000","-0.1800","11","7","0"
"AAD2023.06.02752","354","34625","6","Virginia Polytechnic Institute and State University","Plant and Environmental Sciences, School of","Agronomy and Crop Science","67","1.0000","707","6.0000","66","1.0000","10.7100","22.0000","11994","8.0000","67","1.0000","1.0000","1.0000","25","1.0000","44","1.0000","20506020.0000","7.0000","46","5.0000","27","1.0000","8","4.0000","7","1.0000","10","17","5","23","20","0.1000","0.4300","10.0000","70.9700","0.1200","0.3600","11.0000","67.7400","0.9900","0.5800","10.0000","70.9700","10.5500","-0.3900","20.0000","38.7100","1.0000","0.6900","1.0000","100.0000","179.0100","-0.4500","19.0000","41.9400","16.9600","-0.2400","18.0000","45.1600","0.3700","-0.0300","16.0000","51.6100","0.6600","0.0500","13.0000","61.2900","306060.0000","-0.3300","16.0000","51.6100","466045.9100","-0.3600","18.0000","45.1600","0.6900","-0.2700","20.0000","38.7100","0.4000","-0.0700","18.0000","45.1600","-0.2000","18.0000","45.1600","1.8900","2.2600","2.3500","2.4500","2.3000","-0.4900","0.3119","1.0300","1.8300","0.7100","0.8900","2.2000","1.1800","2.3000","100.0000","100.0000","100.0000","100.0000","100.0000","32.2600","100.0000","87.1000","90.3200","77.4200","80.6500","100.0000","83.8700","100.0000","31","4/1/2025 16:37","23","16","1.4400","0.3400","0.2400","2.0000","20.0000","5.0000","17.0000","13.0000","2.0200","-0.1904","0.9500","-0.2200","0.3100","96.7700","38.7100","87.1000","48.3900","61.2900","7","21","100.0000","1.0000","2.0800","0.3100","67.7400","11.0000","0.2700","13","93.5500","3.0000","1.7400","2","48.3900","17.0000","-0.5800","0.0300","32.2600","22.0000","-0.8000","2","51.6100","16.0000","-0.3100","0.1900","45.1600","18.0000","0.0000","0.0300","32.2600","22.0000","-0.7400","0.0000","96.7700","2.0000","-0.1800","0","96.7700","2.0000","-0.1800","0.0000","96.7700","2.0000","-0.1800","0","96.7700","2.0000","-0.1800","11","7","0"
"AAD2023.06.02752","192","36561","6","Southern Illinois University Carbondale","Crop, Soil, and Environmental Management, Department of","Agronomy and Crop Science","6","31.0000","104","24.0000","6","28.0000","17.3300","10.0000","1500","25.0000","6","29.0000","1.0000","1.0000","0","31.0000","0","31.0000","0.0000","31.0000","1","29.0000","1","29.0000","0","27.0000","0","27.0000","10","17","5","23","20","0.0000","-1.2100","27.0000","16.1300","0.0000","-1.1300","27.0000","16.1300","1.0000","0.6900","1.0000","100.0000","17.3300","0.5800","9.0000","74.1900","1.0000","0.6900","1.0000","100.0000","250.0000","-0.0700","14.0000","58.0600","14.4200","-0.5400","20.0000","38.7100","0.0000","-2.3300","31.0000","3.2300","0.0000","-1.9600","31.0000","3.2300","0.0000","-1.3100","31.0000","3.2300","0.0000","-1.0800","31.0000","3.2300","0.1700","-1.3100","28.0000","12.9000","0.1700","-1.3300","28.0000","12.9000","0.1000","11.0000","67.7400","-1.2900","-0.9700","-1.1200","-1.5600","-1.1000","0.4900","0.3119","-1.1000","-0.8700","-0.9400","-1.1500","-1.3700","-0.9800","-1.2000","9.6800","16.1300","9.6800","3.2300","12.9000","70.9700","100.0000","9.6800","16.1300","22.5800","3.2300","3.2300","25.8100","3.2300","31","4/1/2025 16:37","0","0","0.0000","0.0000","0.0000","27.0000","27.0000","27.0000","27.0000","27.0000","-1.1900","-1.5180","-1.1100","-1.0800","-1.5000","16.1300","16.1300","16.1300","16.1300","16.1300","7","1","12.9000","28.0000","-1.0600","0.1700","29.0300","23.0000","-0.6200","1","16.1300","27.0000","-1.0400","2","48.3900","17.0000","-0.5800","0.3300","70.9700","10.0000","0.4000","1","38.7100","20.0000","-0.6600","0.1700","38.7100","20.0000","-0.2500","0.1700","83.8700","6.0000","0.7100","0.0000","96.7700","2.0000","-0.1800","0","96.7700","2.0000","-0.1800","0.0000","96.7700","2.0000","-0.1800","0","96.7700","2.0000","-0.1800","11","7","0"
"AAD2023.06.02752","357","37261","6","Washington State University","Viticulture and Enology, Department of","Agronomy and Crop Science","9","28.0000","80","26.0000","8","26.0000","10.0000","23.0000","1535","24.0000","8","26.0000","1.0000","1.0000","2","29.0000","2","30.0000","6904894.0000","18.0000","17","18.0000","8","18.0000","2","8.0000","2","8.0000","10","17","5","23","20","0.2200","2.2700","1.0000","100.0000","0.2200","1.6400","3.0000","93.5500","0.8900","-0.1100","24.0000","25.8100","8.8900","-0.6300","23.0000","29.0300","0.8900","-0.3200","25.0000","22.5800","170.5600","-0.4900","22.0000","32.2600","19.1900","0.0200","15.0000","54.8400","0.2200","-0.9600","26.0000","19.3500","0.2200","-1.2800","29.0000","9.6800","767210.4400","1.1300","5.0000","87.1000","3452447.0000","4.2700","1.0000","100.0000","1.8900","2.1400","2.0000","96.7700","0.8900","2.5200","1.0000","100.0000","-0.4000","21.0000","35.4800","-0.4300","-0.0400","-1.0000","-1.2400","-0.9800","-0.5900","0.3119","-0.3400","-0.2000","-0.9400","-0.4700","-1.2100","-1.0600","-1.0300","45.1600","77.4200","19.3500","9.6800","19.3500","29.0300","100.0000","45.1600","77.4200","25.8100","45.1600","6.4500","19.3500","12.9000","31","4/1/2025 16:37","7","2","3.5000","0.7800","0.2200","20.0000","2.0000","20.0000","6.0000","14.0000","-0.7900","1.7090","-0.4800","0.8700","0.1900","38.7100","96.7700","38.7100","83.8700","58.0600","7","0","9.6800","29.0000","-1.2100","0.0000","9.6800","29.0000","-1.6300","0","9.6800","29.0000","-1.2700","0","29.0300","23.0000","-0.7900","0.0000","29.0300","23.0000","-0.9200","0","29.0300","23.0000","-1.0100","0.0000","9.6800","29.0000","-1.8000","0.0000","29.0300","23.0000","-1.0500","0.0000","96.7700","2.0000","-0.1800","0","96.7700","2.0000","-0.1800","0.0000","96.7700","2.0000","-0.1800","0","96.7700","2.0000","-0.1800","11","7","0"
"AAD2023.06.02752","195","37558","6","Southern University and A&M College","Agricultural Sciences, Department of","Agronomy and Crop Science","10","27.0000","7","31.0000","4","31.0000","1.7500","31.0000","36","31.0000","5","31.0000","1.0000","1.0000","5","24.0000","7","25.0000","1900329.0000","27.0000","1","29.0000","1","29.0000","0","27.0000","0","27.0000","10","17","5","23","20","0.0000","-1.2100","27.0000","16.1300","0.0000","-1.1300","27.0000","16.1300","0.4000","-3.6200","31.0000","3.2300","0.7000","-1.8000","31.0000","3.2300","0.5000","-3.8700","31.0000","3.2300","3.6000","-1.3800","31.0000","3.2300","5.1400","-1.6400","30.0000","6.4500","0.5000","0.7500","8.0000","77.4200","0.7000","0.1800","12.0000","64.5200","190032.9000","-0.7000","25.0000","22.5800","271475.5700","-0.6600","27.0000","16.1300","0.1000","-1.4500","31.0000","3.2300","0.1000","-1.6900","31.0000","3.2300","-1.5000","31.0000","3.2300","-1.2900","-0.9700","-1.1700","-0.7600","-1.2100","-1.8000","0.3119","-1.1000","-0.8700","-1.1800","-0.9600","-0.8100","-1.3200","-0.9700","9.6800","16.1300","3.2300","25.8100","3.2300","3.2300","100.0000","9.6800","16.1300","3.2300","16.1300","22.5800","3.2300","16.1300","31","4/1/2025 16:37","0","0","0.0000","0.0000","0.0000","27.0000","27.0000","27.0000","27.0000","27.0000","-1.1900","-1.5180","-1.1100","-1.0800","-1.5000","16.1300","16.1300","16.1300","16.1300","16.1300","7","0","9.6800","29.0000","-1.2100","0.0000","9.6800","29.0000","-1.6300","0","9.6800","29.0000","-1.2700","0","29.0300","23.0000","-0.7900","0.0000","29.0300","23.0000","-0.9200","0","29.0300","23.0000","-1.0100","0.0000","9.6800","29.0000","-1.8000","0.0000","29.0300","23.0000","-1.0500","0.0000","96.7700","2.0000","-0.1800","0","96.7700","2.0000","-0.1800","0.0000","96.7700","2.0000","-0.1800","0","96.7700","2.0000","-0.1800","11","7","0"
"AAD2023.06.02752","180","38309","6","Sam Houston State University","Agricultural Sciences, School of","Agronomy and Crop Science","8","29.0000","12","30.0000","5","29.0000","2.4000","30.0000","55","30.0000","7","28.0000","0.8800","31.0000","4","25.0000","4","27.0000","1248881.0000","29.0000","6","23.0000","4","24.0000","0","27.0000","0","27.0000","10","17","5","23","20","0.0000","-1.2100","27.0000","16.1300","0.0000","-1.1300","27.0000","16.1300","0.6300","-2.0000","30.0000","6.4500","1.5000","-1.6800","30.0000","6.4500","0.8800","-0.4500","26.0000","19.3500","6.8800","-1.3700","30.0000","6.4500","4.5800","-1.7100","31.0000","3.2300","0.5000","0.7500","8.0000","77.4200","0.5000","-0.4300","21.0000","35.4800","156110.1300","-0.8100","27.0000","16.1300","312220.2500","-0.6000","26.0000","19.3500","0.7500","-0.1400","16.0000","51.6100","0.5000","0.4500","6.0000","83.8700","-1.4000","30.0000","6.4500","-0.9200","-0.9700","-1.0600","-0.9200","-1.1500","-1.7100","-4.2106","-0.8600","-0.8700","-1.1700","-1.0300","-1.0500","-1.3100","-1.0800","25.8100","16.1300","12.9000","22.5800","9.6800","6.4500","3.2300","29.0300","16.1300","6.4500","9.6800","16.1300","6.4500","9.6800","31","4/1/2025 16:37","0","0","0.0000","0.0000","0.0000","27.0000","27.0000","27.0000","27.0000","27.0000","-1.1900","-1.5180","-1.1100","-1.0800","-1.5000","16.1300","16.1300","16.1300","16.1300","16.1300","7","0","9.6800","29.0000","-1.2100","0.0000","9.6800","29.0000","-1.6300","0","9.6800","29.0000","-1.2700","0","29.0300","23.0000","-0.7900","0.0000","29.0300","23.0000","-0.9200","0","29.0300","23.0000","-1.0100","0.0000","9.6800","29.0000","-1.8000","0.0000","29.0300","23.0000","-1.0500","0.0000","96.7700","2.0000","-0.1800","0","96.7700","2.0000","-0.1800","0.0000","96.7700","2.0000","-0.1800","0","96.7700","2.0000","-0.1800","11","7","0"
"AAD2023.06.02752","371","38487","6","Prairie View A&M University","Agriculture and Human Sciences, College of","Agronomy and Crop Science","13","23.0000","76","27.0000","10","25.0000","7.6000","27.0000","1655","23.0000","11","24.0000","1.0000","1.0000","8","15.0000","15","15.0000","3939069.0000","21.0000","4","27.0000","3","26.0000","1","17.0000","1","15.0000","10","17","5","23","20","0.0800","-0.0100","13.0000","61.2900","0.0800","-0.1700","15.0000","54.8400","0.7700","-0.9700","27.0000","16.1300","5.8500","-1.0600","27.0000","16.1300","0.8500","-0.7100","28.0000","12.9000","127.3100","-0.7300","26.0000","19.3500","21.7800","0.3300","10.0000","70.9700","0.6200","1.4700","2.0000","96.7700","1.1500","1.5700","3.0000","93.5500","303005.3100","-0.3400","18.0000","45.1600","262604.6000","-0.6800","29.0000","9.6800","0.3100","-1.0300","27.0000","16.1300","0.2300","-0.9900","26.0000","19.3500","-0.8000","26.0000","19.3500","-1.0400","-0.5100","-0.8300","-0.2800","-0.8700","-0.9400","0.3119","-0.9600","-0.5300","-0.9200","-0.7600","-0.1500","-1.0800","-0.8000","19.3500","54.8400","25.8100","54.8400","22.5800","16.1300","100.0000","16.1300","48.3900","29.0300","35.4800","54.8400","16.1300","29.0300","31","4/1/2025 16:37","1","2","0.5000","0.0800","0.1500","20.0000","26.0000","23.0000","24.0000","20.0000","-0.7900","-1.0570","-1.0200","-0.8900","-0.3300","38.7100","19.3500","29.0300","25.8100","38.7100","7","4","45.1600","18.0000","-0.5900","0.3100","64.5200","12.0000","0.2400","3","41.9400","19.0000","-0.5800","0","29.0300","23.0000","-0.7900","0.0000","29.0300","23.0000","-0.9200","0","29.0300","23.0000","-1.0100","0.2300","74.1900","9.0000","0.3400","0.0000","29.0300","23.0000","-1.0500","0.0000","96.7700","2.0000","-0.1800","0","96.7700","2.0000","-0.1800","0.0000","96.7700","2.0000","-0.1800","0","96.7700","2.0000","-0.1800","11","7","0"
"AAD2023.06.02752","521","38766","6","Delaware State University","Agriculture and Natural Resources, Department of","Agronomy and Crop Science","12","26.0000","60","28.0000","8","26.0000","7.5000","28.0000","1005","29.0000","8","26.0000","1.0000","1.0000","7","21.0000","12","18.0000","4253537.0000","20.0000","6","23.0000","5","22.0000","1","17.0000","1","15.0000","10","17","5","23","20","0.0800","0.0900","12.0000","64.5200","0.0800","-0.0900","14.0000","58.0600","0.6700","-1.7000","29.0000","9.6800","5.0000","-1.1800","28.0000","12.9000","0.6700","-2.3500","30.0000","6.4500","83.7500","-0.9600","28.0000","12.9000","16.7500","-0.2700","19.0000","41.9400","0.5800","1.2700","3.0000","93.5500","1.0000","1.1000","5.0000","87.1000","354461.4200","-0.1800","13.0000","61.2900","354461.4200","-0.5300","23.0000","29.0300","0.5000","-0.6500","22.0000","32.2600","0.4200","0.0000","15.0000","54.8400","-0.8000","26.0000","19.3500","-0.8000","-0.5100","-1.0000","-0.4400","-0.9800","-0.9600","0.3119","-0.8600","-0.5300","-1.0200","-0.7300","-0.4000","-1.1300","-0.8500","32.2600","54.8400","19.3500","35.4800","19.3500","12.9000","100.0000","29.0300","48.3900","9.6800","38.7100","45.1600","12.9000","19.3500","31","4/1/2025 16:37","0","0","0.0000","0.0000","0.0000","27.0000","27.0000","27.0000","27.0000","27.0000","-1.1900","-1.5180","-1.1100","-1.0800","-1.5000","16.1300","16.1300","16.1300","16.1300","16.1300","7","4","45.1600","18.0000","-0.5900","0.3300","70.9700","10.0000","0.3900","1","16.1300","27.0000","-1.0400","0","29.0300","23.0000","-0.7900","0.0000","29.0300","23.0000","-0.9200","0","29.0300","23.0000","-1.0100","0.0800","12.9000","28.0000","-1.0300","0.0000","29.0300","23.0000","-1.0500","0.0000","96.7700","2.0000","-0.1800","0","96.7700","2.0000","-0.1800","0.0000","96.7700","2.0000","-0.1800","0","96.7700","2.0000","-0.1800","11","7","0"
"AAD2023.06.02752","559052","39401","6","University of Hawai'i at Hilo","Agriculture, Forestry and Natural Resource Management, College of","Agronomy and Crop Science","7","30.0000","30","29.0000","5","29.0000","6.0000","29.0000","1203","27.0000","6","29.0000","1.0000","1.0000","1","30.0000","3","28.0000","490848.0000","30.0000","1","29.0000","1","29.0000","1","17.0000","1","15.0000","10","17","5","23","20","0.1400","1.0300","6.0000","83.8700","0.1400","0.6500","6.0000","83.8700","0.7100","-1.3600","28.0000","12.9000","4.2900","-1.2800","29.0000","9.6800","0.8600","-0.6100","27.0000","16.1300","171.8600","-0.4900","21.0000","35.4800","40.1000","2.5000","2.0000","96.7700","0.1400","-1.4500","30.0000","6.4500","0.4300","-0.6500","23.0000","29.0300","70121.1400","-1.0800","30.0000","6.4500","163616.0000","-0.8300","30.0000","6.4500","0.1400","-1.3600","30.0000","6.4500","0.1400","-1.4600","29.0000","9.6800","-0.9000","29.0000","9.6800","-1.2900","-0.5100","-1.1200","-1.4000","-1.1500","-1.1800","0.3119","-1.1000","-0.5300","-0.9900","-1.1000","-1.1300","-1.2400","-1.1400","9.6800","54.8400","9.6800","6.4500","9.6800","9.6800","100.0000","9.6800","48.3900","16.1300","6.4500","12.9000","9.6800","6.4500","31","4/1/2025 16:37","1","1","1.0000","0.1400","0.1400","24.0000","22.0000","23.0000","22.0000","22.0000","-0.9900","-0.5960","-1.0200","-0.7200","-0.4200","25.8100","32.2600","29.0300","32.2600","32.2600","7","2","25.8100","24.0000","-0.9000","0.2900","58.0600","14.0000","0.1000","2","32.2600","22.0000","-0.8100","0","29.0300","23.0000","-0.7900","0.0000","29.0300","23.0000","-0.9200","0","29.0300","23.0000","-1.0100","0.2900","83.8700","6.0000","0.8500","0.0000","29.0300","23.0000","-1.0500","0.0000","96.7700","2.0000","-0.1800","0","96.7700","2.0000","-0.1800","0.0000","96.7700","2.0000","-0.1800","0","96.7700","2.0000","-0.1800","11","7","0"
