Institution,Institution_Id,Discipline,Discipline_Id,Unit,Unit_Id,SRI,Number of Faculty,Article Count,Articles per Faculty,Award Count,Awards per Faculty,Book Count,Books per Faculty,Chapter Count,Chapters per Faculty,Citation Count,Citations per Faculty,Citations per Publication,Conf Proc Count,Conf Proc per Faculty,Grant Count,Grants Per Faculty,Dollars Per Faculty,Dollars Per Grant,Grant Dollars,Patent Count,Patents per Faculty,Trial Count,Trials per Faculty,Release,AsOfDate
Michigan State University,132,Statistics,161,"Statistics and Probability, Department of",6372,71.7241379310345,60,74.4827586206896,84.1379310344828,65.5172413793104,65.5172413793104,71.7241379310345,71.7241379310345,40,27.5862068965517,73.1034482758621,73.7931034482759,61.3793103448276,44.1379310344828,42.7586206896552,77.2413793103448,81.3793103448276,74.4827586206896,52.4137931034483,73.1034482758621,68.2758620689655,68.2758620689655,95.8620689655172,95.8620689655172,AAD2023.09.02768,2025-09-26T18:04:00.721Z
Rutgers - New Brunswick,177,Statistics,161,"Statistics, Department of",6698,82.0689655172414,80.6896551724138,80,64.8275862068965,83.448275862069,76.551724137931,61.3793103448276,54.4827586206896,91.0344827586207,88.2758620689655,77.2413793103448,71.0344827586207,73.7931034482759,51.0344827586207,42.7586206896552,93.1034482758621,88.2758620689655,79.3103448275862,48.2758620689655,81.3793103448276,79.3103448275862,72.4137931034483,99.3103448275862,97.9310344827586,AAD2023.09.02768,2025-09-26T18:04:00.721Z
University of Georgia,274,Statistics,161,"Statistics, Department of",4815,71.7241379310345,56.551724137931,66.2068965517241,72.4137931034483,71.7241379310345,70.3448275862069,44.1379310344828,33.7931034482759,21.3793103448276,21.3793103448276,84.1379310344828,86.2068965517241,86.8965517241379,66.8965517241379,73.7931034482759,66.2068965517241,67.5862068965517,66.2068965517241,62.0689655172414,66.2068965517241,68.2758620689655,68.2758620689655,95.8620689655172,95.8620689655172,AAD2023.09.02768,2025-09-26T18:04:00.721Z
University of Virginia,345,Statistics,161,"Statistics, Department of",9675,57.2413793103448,8.96551724137931,17.2413793103448,48.2758620689655,33.7931034482759,51.0344827586207,33.7931034482759,41.3793103448276,67.5862068965517,95.1724137931034,24.1379310344828,48.9655172413793,44.1379310344828,11.7241379310345,11.7241379310345,23.448275862069,33.7931034482759,26.2068965517241,26.8965517241379,17.2413793103448,68.2758620689655,68.2758620689655,95.8620689655172,95.8620689655172,AAD2023.09.02768,2025-09-26T18:04:00.721Z
Idaho State University,91,Statistics,161,"Mathematics and Statistics, Department of",35959,6.20689655172414,20,7.58620689655173,7.58620689655173,15.8620689655172,17.9310344827586,33.7931034482759,29.6551724137931,21.3793103448276,21.3793103448276,3.44827586206896,4.13793103448276,2.06896551724138,40.6896551724138,54.4827586206896,23.448275862069,26.8965517241379,37.9310344827586,72.4137931034483,28.2758620689655,68.2758620689655,68.2758620689655,95.8620689655172,95.8620689655172,AAD2023.09.02768,2025-09-26T18:04:00.721Z
University of Illinois at Urbana-Champaign,280,Statistics,161,"Statistics, Department of",4888,77.2413793103448,63.448275862069,67.5862068965517,66.2068965517241,61.3793103448276,63.448275862069,18.6206896551724,18.6206896551724,67.5862068965517,53.7931034482759,72.4137931034483,66.2068965517241,66.8965517241379,84.1379310344828,85.5172413793103,75.1724137931034,76.551724137931,61.3793103448276,41.3793103448276,63.448275862069,68.2758620689655,68.2758620689655,95.8620689655172,95.8620689655172,AAD2023.09.02768,2025-09-26T18:04:00.721Z
University of Nebraska - Lincoln,308,Statistics,161,"Statistics, Department of",8034,77.2413793103448,16.551724137931,44.1379310344828,82.7586206896552,50.3448275862069,69.6551724137931,33.7931034482759,31.0344827586207,56.551724137931,72.4137931034483,59.3103448275862,77.9310344827586,75.8620689655172,25.5172413793103,29.6551724137931,23.448275862069,27.5862068965517,56.551724137931,97.9310344827586,46.2068965517241,68.2758620689655,68.2758620689655,95.8620689655172,95.8620689655172,AAD2023.09.02768,2025-09-26T18:04:00.721Z
Rice University,172,Statistics,161,"Statistics, Department of",806,95.8620689655172,32.4137931034483,68.9655172413793,91.7241379310345,84.1379310344828,94.4827586206896,81.3793103448276,93.7931034482759,67.5862068965517,79.3103448275862,74.4827586206896,84.8275862068966,76.551724137931,98.6206896551724,100,84.1379310344828,97.2413793103448,95.8620689655172,78.6206896551724,87.5862068965517,86.8965517241379,87.5862068965517,95.8620689655172,95.8620689655172,AAD2023.09.02768,2025-09-26T18:04:00.721Z
Loyola University Chicago,114,Statistics,161,"Mathematics and Statistics, Department of",8901,15.8620689655172,56.551724137931,24.8275862068966,14.4827586206896,50.3448275862069,50.3448275862069,18.6206896551724,18.6206896551724,56.551724137931,45.5172413793104,22.0689655172414,16.551724137931,19.3103448275862,21.3793103448276,14.4827586206896,34.4827586206897,28.9655172413793,15.1724137931034,12.4137931034483,18.6206896551724,68.2758620689655,68.2758620689655,95.8620689655172,95.8620689655172,AAD2023.09.02768,2025-09-26T18:04:00.721Z
Georgetown University,81,Statistics,161,"Mathematics and Statistics, Department of",30070,44.8275862068966,32.4137931034483,39.3103448275862,52.4137931034483,41.3793103448276,45.5172413793104,53.1034482758621,58.6206896551724,67.5862068965517,79.3103448275862,45.5172413793104,58.6206896551724,60,48.9655172413793,59.3103448275862,23.448275862069,20,17.2413793103448,27.5862068965517,17.9310344827586,86.8965517241379,87.5862068965517,95.8620689655172,95.8620689655172,AAD2023.09.02768,2025-09-26T18:04:00.721Z
Portland State University,165,Statistics,161,"Mathematics and Statistics, Department of",719,30.3448275862069,76.551724137931,48.9655172413793,25.5172413793103,40,27.5862068965517,44.1379310344828,28.9655172413793,87.5862068965517,82.0689655172414,39.3103448275862,28.9655172413793,42.0689655172414,75.1724137931034,65.5172413793104,66.2068965517241,56.551724137931,64.8275862068965,77.9310344827586,71.0344827586207,68.2758620689655,68.2758620689655,95.8620689655172,95.8620689655172,AAD2023.09.02768,2025-09-26T18:04:00.721Z
Oakland University,155,Statistics,161,"Mathematics and Statistics, Department of",470,17.9310344827586,76.551724137931,48.9655172413793,25.5172413793103,22.0689655172414,11.0344827586207,71.7241379310345,62.0689655172414,77.2413793103448,59.3103448275862,32.4137931034483,19.3103448275862,23.448275862069,59.3103448275862,53.1034482758621,27.5862068965517,15.8620689655172,16.551724137931,35.8620689655172,21.3793103448276,68.2758620689655,68.2758620689655,95.8620689655172,95.8620689655172,AAD2023.09.02768,2025-09-26T18:04:00.721Z
University of Pittsburgh,327,Statistics,161,"Statistics, Department of",5228,77.2413793103448,13.7931034482759,40.6896551724138,91.0344827586207,15.8620689655172,22.0689655172414,18.6206896551724,18.6206896551724,21.3793103448276,21.3793103448276,42.7586206896552,72.4137931034483,51.0344827586207,35.8620689655172,57.2413793103448,53.1034482758621,80,57.2413793103448,33.1034482758621,42.7586206896552,68.2758620689655,68.2758620689655,95.8620689655172,95.8620689655172,AAD2023.09.02768,2025-09-26T18:04:00.721Z
Temple University,212,Statistics,161,"Statistics, Operations, and Data Science, Department of",6898,57.2413793103448,51.0344827586207,50.3448275862069,47.5862068965517,88.9655172413793,93.1034482758621,75.8620689655172,80.6896551724138,77.2413793103448,80.6896551724138,69.6551724137931,70.3448275862069,84.1379310344828,11.7241379310345,11.7241379310345,53.1034482758621,53.1034482758621,71.7241379310345,88.9655172413793,68.2758620689655,86.8965517241379,82.0689655172414,95.8620689655172,95.8620689655172,AAD2023.09.02768,2025-09-26T18:04:00.721Z
Northeastern University,150,Statistics,161,"Mathematics, Department of",6467,51.7241379310345,91.7241379310345,73.7931034482759,42.0689655172414,75.1724137931034,62.0689655172414,90.3448275862069,77.9310344827586,82.0689655172414,54.4827586206896,65.5172413793104,46.2068965517241,47.5862068965517,95.8620689655172,90.3448275862069,90.3448275862069,76.551724137931,63.448275862069,44.8275862068966,77.9310344827586,90.3448275862069,84.8275862068966,95.8620689655172,95.8620689655172,AAD2023.09.02768,2025-09-26T18:04:00.721Z
Azusa Pacific University,16,Statistics,161,"Mathematics, Physics, and Statistics, Department of",36166,2.06896551724138,13.7931034482759,4.13793103448276,6.89655172413793,5.51724137931034,5.51724137931034,33.7931034482759,38.6206896551724,40,48.9655172413793,0.689655172413794,1.37931034482759,0.689655172413794,11.7241379310345,11.7241379310345,14.4827586206896,15.8620689655172,14.4827586206896,17.9310344827586,12.4137931034483,68.2758620689655,68.2758620689655,95.8620689655172,95.8620689655172,AAD2023.09.02768,2025-09-26T18:04:00.721Z
Montana State University,137,Statistics,161,"Mathematical Sciences, Department of",340,38.6206896551724,84.8275862068966,57.9310344827586,26.2068965517241,51.7241379310345,39.3103448275862,53.1034482758621,33.7931034482759,67.5862068965517,45.5172413793104,41.3793103448276,28.2758620689655,34.4827586206897,75.1724137931034,62.7586206896552,68.2758620689655,57.2413793103448,59.3103448275862,65.5172413793104,69.6551724137931,86.8965517241379,78.6206896551724,95.8620689655172,95.8620689655172,AAD2023.09.02768,2025-09-26T18:04:00.721Z
University of Wisconsin - Madison,347,Statistics,161,"Statistics, Department of",8425,82.0689655172414,80.6896551724138,88.9655172413793,83.448275862069,83.448275862069,76.551724137931,53.1034482758621,34.4827586206897,40,24.1379310344828,83.448275862069,75.8620689655172,68.2758620689655,40.6896551724138,28.9655172413793,84.1379310344828,78.6206896551724,77.9310344827586,60,80,88.9655172413793,82.7586206896552,95.8620689655172,95.8620689655172,AAD2023.09.02768,2025-09-26T18:04:00.721Z
Eastern Michigan University,65,Statistics,161,"Mathematics and Statistics, Department of",37445,4.13793103448276,48.2758620689655,8.96551724137931,4.82758620689655,10.3448275862069,6.20689655172414,71.7241379310345,77.9310344827586,21.3793103448276,21.3793103448276,4.13793103448276,2.06896551724138,1.37931034482759,30.3448275862069,27.5862068965517,38.6206896551724,36.551724137931,22.7586206896552,16.551724137931,23.448275862069,68.2758620689655,68.2758620689655,95.8620689655172,95.8620689655172,AAD2023.09.02768,2025-09-26T18:04:00.721Z
Pennsylvania State University - University Park,163,Statistics,161,"Statistics, Department of",685,82.0689655172414,84.8275862068966,90.3448275862069,81.3793103448276,80.6896551724138,73.1034482758621,71.7241379310345,58.6206896551724,94.4827586206896,91.0344827586207,81.3793103448276,73.1034482758621,62.7586206896552,61.3793103448276,51.7241379310345,77.2413793103448,71.7241379310345,77.2413793103448,76.551724137931,80.6896551724138,96.551724137931,97.9310344827586,95.8620689655172,95.8620689655172,AAD2023.09.02768,2025-09-26T18:04:00.721Z
Yale University,368,Statistics,161,"Statistics and Data Science, Department of",3743,93.7931034482759,42.7586206896552,51.0344827586207,55.8620689655172,92.4137931034483,97.9310344827586,44.1379310344828,40,67.5862068965517,71.0344827586207,91.0344827586207,94.4827586206896,97.9310344827586,85.5172413793103,91.0344827586207,70.3448275862069,77.9310344827586,84.8275862068966,79.3103448275862,75.8620689655172,86.8965517241379,85.5172413793103,95.8620689655172,95.8620689655172,AAD2023.09.02768,2025-09-26T18:04:00.721Z
East Tennessee State University,63,Statistics,161,"Mathematics and Statistics, Department of",35628,4.13793103448276,37.2413793103448,5.51724137931034,2.06896551724138,5.51724137931034,5.51724137931034,81.3793103448276,92.4137931034483,21.3793103448276,21.3793103448276,4.82758620689655,3.44827586206896,6.20689655172414,21.3793103448276,16.551724137931,23.448275862069,19.3103448275862,29.6551724137931,71.7241379310345,27.5862068965517,68.2758620689655,68.2758620689655,95.8620689655172,95.8620689655172,AAD2023.09.02768,2025-09-26T18:04:00.721Z
Virginia Polytechnic Institute and State University,354,Statistics,161,"Statistics, Department of",10118,88.2758620689655,66.8965517241379,78.6206896551724,82.0689655172414,76.551724137931,73.7931034482759,75.8620689655172,73.7931034482759,67.5862068965517,53.1034482758621,80.6896551724138,80,77.9310344827586,88.9655172413793,88.9655172413793,70.3448275862069,68.9655172413793,62.7586206896552,56.551724137931,67.5862068965517,86.8965517241379,80,95.8620689655172,95.8620689655172,AAD2023.09.02768,2025-09-26T18:04:00.721Z
Arkansas State University,13,Statistics,161,"Mathematics & Statistics, Department of",36141,2.06896551724138,15.1724137931034,3.44827586206896,4.13793103448276,5.51724137931034,5.51724137931034,44.1379310344828,58.6206896551724,21.3793103448276,21.3793103448276,2.75862068965518,2.75862068965518,2.75862068965518,11.7241379310345,11.7241379310345,10.3448275862069,10.3448275862069,10.3448275862069,10.3448275862069,10.3448275862069,68.2758620689655,68.2758620689655,95.8620689655172,95.8620689655172,AAD2023.09.02768,2025-09-26T18:04:00.722Z
New York University,146,Statistics,161,"Applied Statistics, Social Science, and Humanities, Department of",33750,38.6206896551724,71.0344827586207,49.6551724137931,29.6551724137931,59.3103448275862,53.1034482758621,98.6206896551724,99.3103448275862,97.9310344827586,99.3103448275862,51.0344827586207,42.0689655172414,53.1034482758621,71.0344827586207,66.8965517241379,34.4827586206897,24.8275862068966,36.551724137931,69.6551724137931,38.6206896551724,68.2758620689655,68.2758620689655,95.8620689655172,95.8620689655172,AAD2023.09.02768,2025-09-26T18:04:00.722Z
University of Missouri - St. Louis,307,Statistics,161,"Math, Physics, Astronomy and Statistics, Department of",35426,38.6206896551724,13.7931034482759,15.8620689655172,40,46.8965517241379,71.7241379310345,33.7931034482759,38.6206896551724,40,48.9655172413793,26.2068965517241,48.2758620689655,52.4137931034483,25.5172413793103,35.8620689655172,27.5862068965517,42.7586206896552,28.9655172413793,19.3103448275862,20,79.3103448275862,84.8275862068966,95.8620689655172,95.8620689655172,AAD2023.09.02768,2025-09-26T18:04:00.722Z
Emory University,66,Statistics,161,"Quantitative Theory and Methods, Department of",37326,51.7241379310345,48.2758620689655,33.1034482758621,31.0344827586207,66.8965517241379,71.7241379310345,90.3448275862069,96.551724137931,94.4827586206896,97.9310344827586,48.2758620689655,54.4827586206896,70.3448275862069,89.6551724137931,93.7931034482759,44.1379310344828,46.8965517241379,40,39.3103448275862,35.8620689655172,68.2758620689655,68.2758620689655,95.8620689655172,95.8620689655172,AAD2023.09.02768,2025-09-26T18:04:00.722Z
"University of Akron, The",242,Statistics,161,"Statistics, Department of",12825,8.96551724137931,0.689655172413794,2.06896551724138,8.96551724137931,5.51724137931034,5.51724137931034,33.7931034482759,66.2068965517241,40,88.2758620689655,2.06896551724138,6.89655172413793,8.27586206896552,21.3793103448276,38.6206896551724,10.3448275862069,10.3448275862069,10.3448275862069,10.3448275862069,10.3448275862069,68.2758620689655,68.2758620689655,95.8620689655172,95.8620689655172,AAD2023.09.02768,2025-09-26T18:04:00.722Z
Northwestern University,153,Statistics,161,"Statistics, Department of",9061,66.8965517241379,24.8275862068966,28.9655172413793,33.7931034482759,77.2413793103448,91.7241379310345,90.3448275862069,97.9310344827586,56.551724137931,58.6206896551724,78.6206896551724,88.9655172413793,95.8620689655172,93.7931034482759,97.9310344827586,53.7931034482759,69.6551724137931,86.2068965517241,93.1034482758621,73.7931034482759,86.8965517241379,88.9655172413793,95.8620689655172,95.8620689655172,AAD2023.09.02768,2025-09-26T18:04:00.722Z
Carnegie Mellon University,34,Statistics,161,"Statistics and Data Science, Department of",3387,91.0344827586207,85.5172413793103,86.8965517241379,69.6551724137931,95.1724137931034,93.7931034482759,57.9310344827586,42.0689655172414,91.0344827586207,83.448275862069,94.4827586206896,91.0344827586207,91.0344827586207,87.5862068965517,77.2413793103448,84.8275862068966,76.551724137931,88.2758620689655,86.8965517241379,91.7241379310345,79.3103448275862,69.6551724137931,95.8620689655172,95.8620689655172,AAD2023.09.02768,2025-09-26T18:04:00.722Z
Bowling Green State University,25,Statistics,161,"Mathematics and Statistics, Department of",1951,15.8620689655172,51.0344827586207,26.2068965517241,15.8620689655172,22.0689655172414,14.4827586206896,53.1034482758621,48.2758620689655,21.3793103448276,21.3793103448276,16.551724137931,10.3448275862069,9.6551724137931,35.8620689655172,33.7931034482759,27.5862068965517,23.448275862069,42.7586206896552,88.2758620689655,41.3793103448276,68.2758620689655,68.2758620689655,95.8620689655172,95.8620689655172,AAD2023.09.02768,2025-09-26T18:04:00.722Z
Colorado State University,48,Statistics,161,"Statistics, Department of",3911,77.2413793103448,37.2413793103448,64.1379310344828,86.8965517241379,50.3448275862069,62.0689655172414,33.7931034482759,26.8965517241379,67.5862068965517,73.1034482758621,62.7586206896552,68.2758620689655,55.8620689655172,48.9655172413793,56.551724137931,70.3448275862069,80.6896551724138,67.5862068965517,44.1379310344828,61.3793103448276,68.2758620689655,68.2758620689655,95.8620689655172,95.8620689655172,AAD2023.09.02768,2025-09-26T18:04:00.722Z
"University of Nevada, Reno",312,Statistics,161,"Mathematics and Statistics, Department of",17073,30.3448275862069,66.8965517241379,37.2413793103448,22.7586206896552,51.7241379310345,48.9655172413793,83.448275862069,84.1379310344828,77.2413793103448,68.2758620689655,28.2758620689655,20,25.5172413793103,53.7931034482759,50.3448275862069,44.1379310344828,40,34.4827586206897,37.2413793103448,35.1724137931034,68.2758620689655,68.2758620689655,95.8620689655172,95.8620689655172,AAD2023.09.02768,2025-09-26T18:04:00.722Z
"University at Albany, State University of New York",202,Statistics,161,"Mathematics and Statistics, Department of",9853,30.3448275862069,74.4827586206896,36.551724137931,16.551724137931,54.4827586206896,46.8965517241379,61.3793103448276,56.551724137931,87.5862068965517,84.8275862068966,33.1034482758621,22.7586206896552,32.4137931034483,77.2413793103448,70.3448275862069,61.3793103448276,51.0344827586207,44.8275862068966,38.6206896551724,51.0344827586207,79.3103448275862,73.1034482758621,95.8620689655172,95.8620689655172,AAD2023.09.02768,2025-09-26T18:04:00.722Z
Kansas State University,103,Statistics,161,"Statistics, Department of",113,57.2413793103448,13.7931034482759,31.0344827586207,76.551724137931,10.3448275862069,11.0344827586207,33.7931034482759,38.6206896551724,56.551724137931,82.0689655172414,34.4827586206897,63.448275862069,55.1724137931034,11.7241379310345,11.7241379310345,10.3448275862069,10.3448275862069,10.3448275862069,10.3448275862069,10.3448275862069,68.2758620689655,68.2758620689655,95.8620689655172,95.8620689655172,AAD2023.09.02768,2025-09-26T18:04:00.722Z
University of South Florida,334,Statistics,161,"Mathematics and Statistics, Department of",9557,38.6206896551724,91.0344827586207,93.7931034482759,73.7931034482759,64.8275862068965,43.448275862069,99.3103448275862,98.6206896551724,91.0344827586207,79.3103448275862,88.9655172413793,78.6206896551724,81.3793103448276,91.7241379310345,81.3793103448276,75.8620689655172,62.0689655172414,52.4137931034483,42.0689655172414,65.5172413793104,95.8620689655172,95.1724137931034,95.8620689655172,95.8620689655172,AAD2023.09.02768,2025-09-26T18:04:00.722Z
Brigham Young University,27,Statistics,161,"Statistics, Department of",34791,51.7241379310345,66.8965517241379,57.9310344827586,42.7586206896552,61.3793103448276,60.6896551724138,33.7931034482759,20.6896551724138,56.551724137931,41.3793103448276,47.5862068965517,42.7586206896552,41.3793103448276,30.3448275862069,22.7586206896552,44.1379310344828,40,37.2413793103448,40.6896551724138,37.9310344827586,92.4137931034483,94.4827586206896,95.8620689655172,95.8620689655172,AAD2023.09.02768,2025-09-26T18:04:00.722Z
Wake Forest University,355,Statistics,161,"Statistical Sciences, Department of",37147,62.7586206896552,15.1724137931034,37.9310344827586,80.6896551724138,15.8620689655172,21.3793103448276,18.6206896551724,18.6206896551724,21.3793103448276,21.3793103448276,95.8620689655172,99.3103448275862,100,40.6896551724138,60.6896551724138,34.4827586206897,48.2758620689655,51.0344827586207,60.6896551724138,33.7931034482759,68.2758620689655,68.2758620689655,95.8620689655172,95.8620689655172,AAD2023.09.02768,2025-09-26T18:04:00.722Z
Oklahoma State University,158,Statistics,161,"Statistics, Department of",525,51.7241379310345,8.27586206896552,13.1034482758621,50.3448275862069,5.51724137931034,5.51724137931034,33.7931034482759,45.5172413793104,21.3793103448276,21.3793103448276,23.448275862069,55.1724137931034,51.7241379310345,21.3793103448276,26.2068965517241,10.3448275862069,10.3448275862069,10.3448275862069,10.3448275862069,10.3448275862069,68.2758620689655,68.2758620689655,95.8620689655172,95.8620689655172,AAD2023.09.02768,2025-09-26T18:04:00.722Z
University of Massachusetts Lowell,296,Statistics,161,"Mathematical and Statistics, Department of",31802,15.8620689655172,60,29.6551724137931,15.1724137931034,41.3793103448276,34.4827586206897,33.7931034482759,21.3793103448276,56.551724137931,42.7586206896552,18.6206896551724,9.6551724137931,8.96551724137931,44.1379310344828,42.7586206896552,27.5862068965517,21.3793103448276,19.3103448275862,35.1724137931034,20.6896551724138,68.2758620689655,68.2758620689655,95.8620689655172,95.8620689655172,AAD2023.09.02768,2025-09-26T18:04:00.722Z
University of Colorado Denver,266,Statistics,161,"Mathematical and Statistical Sciences, Department of",1994,57.2413793103448,48.2758620689655,39.3103448275862,37.2413793103448,50.3448275862069,57.2413793103448,75.8620689655172,83.448275862069,40,30.3448275862069,35.1724137931034,41.3793103448276,43.448275862069,96.551724137931,98.6206896551724,68.2758620689655,73.1034482758621,68.2758620689655,53.1034482758621,64.8275862068965,68.2758620689655,68.2758620689655,95.8620689655172,95.8620689655172,AAD2023.09.02768,2025-09-26T18:04:00.722Z
Washington University in St. Louis,358,Statistics,161,"Mathematics and Statistics, Department of",8606,57.2413793103448,88.2758620689655,81.3793103448276,57.2413793103448,83.448275862069,72.4137931034483,100,100,82.0689655172414,63.448275862069,53.7931034482759,30.3448275862069,22.7586206896552,21.3793103448276,12.4137931034483,98.6206896551724,95.8620689655172,75.1724137931034,31.7241379310345,82.7586206896552,68.2758620689655,68.2758620689655,99.3103448275862,97.2413793103448,AAD2023.09.02768,2025-09-26T18:04:00.722Z
"University of Texas at Austin, The",229,Statistics,161,"Statistics and Data Sciences, Department of",30187,98.6206896551724,22.7586206896552,73.1034482758621,99.3103448275862,73.1034482758621,90.3448275862069,57.9310344827586,74.4827586206896,56.551724137931,62.7586206896552,79.3103448275862,91.7241379310345,79.3103448275862,66.8965517241379,84.1379310344828,66.2068965517241,82.0689655172414,91.7241379310345,87.5862068965517,77.2413793103448,68.2758620689655,68.2758620689655,95.8620689655172,95.8620689655172,AAD2023.09.02768,2025-09-26T18:04:00.722Z
University of Massachusetts Amherst,293,Statistics,161,"Mathematics and Statistics, Department of",2542,51.7241379310345,97.9310344827586,97.2413793103448,53.7931034482759,91.7241379310345,68.2758620689655,93.1034482758621,70.3448275862069,77.2413793103448,37.9310344827586,75.1724137931034,46.8965517241379,36.551724137931,51.0344827586207,26.8965517241379,97.2413793103448,77.2413793103448,65.5172413793104,43.448275862069,86.2068965517241,68.2758620689655,68.2758620689655,95.8620689655172,95.8620689655172,AAD2023.09.02768,2025-09-26T18:04:00.722Z
North Dakota State University,149,Statistics,161,"Statistics, Department of",4535,51.7241379310345,3.44827586206896,11.0344827586207,65.5172413793104,5.51724137931034,5.51724137931034,18.6206896551724,18.6206896551724,21.3793103448276,21.3793103448276,11.0344827586207,35.8620689655172,22.0689655172414,21.3793103448276,32.4137931034483,10.3448275862069,10.3448275862069,10.3448275862069,10.3448275862069,10.3448275862069,68.2758620689655,68.2758620689655,95.8620689655172,95.8620689655172,AAD2023.09.02768,2025-09-26T18:04:00.722Z
West Virginia University,362,Statistics,161,"Statistics, Department of",18998,30.3448275862069,3.44827586206896,6.20689655172414,36.551724137931,10.3448275862069,21.3793103448276,18.6206896551724,18.6206896551724,21.3793103448276,21.3793103448276,7.58620689655173,26.2068965517241,24.1379310344828,21.3793103448276,32.4137931034483,10.3448275862069,10.3448275862069,10.3448275862069,10.3448275862069,10.3448275862069,68.2758620689655,68.2758620689655,95.8620689655172,95.8620689655172,AAD2023.09.02768,2025-09-26T18:04:00.722Z
George Washington University,80,Statistics,161,"Statistics, Department of",5570,62.7586206896552,42.7586206896552,58.6206896551724,67.5862068965517,78.6206896551724,86.2068965517241,33.7931034482759,24.8275862068966,67.5862068965517,71.0344827586207,43.448275862069,52.4137931034483,33.1034482758621,75.1724137931034,80,40.6896551724138,44.1379310344828,23.448275862069,15.1724137931034,24.1379310344828,68.2758620689655,68.2758620689655,95.8620689655172,95.8620689655172,AAD2023.09.02768,2025-09-26T18:04:00.722Z
Wichita State University,365,Statistics,161,"Mathematics and Statistics, Department of",3682,15.8620689655172,48.2758620689655,23.448275862069,17.9310344827586,22.0689655172414,17.9310344827586,18.6206896551724,18.6206896551724,40,30.3448275862069,10.3448275862069,7.58620689655173,3.44827586206896,11.7241379310345,11.7241379310345,44.1379310344828,46.8965517241379,38.6206896551724,34.4827586206897,32.4137931034483,68.2758620689655,68.2758620689655,95.8620689655172,95.8620689655172,AAD2023.09.02768,2025-09-26T18:04:00.722Z
New Mexico State University,143,Statistics,161,"Economics, Applied Statistics and International Business, Department of",17477,30.3448275862069,48.2758620689655,53.1034482758621,58.6206896551724,15.8620689655172,11.0344827586207,18.6206896551724,18.6206896551724,21.3793103448276,21.3793103448276,37.2413793103448,44.8275862068966,31.0344827586207,25.5172413793103,20.6896551724138,10.3448275862069,10.3448275862069,10.3448275862069,10.3448275862069,10.3448275862069,68.2758620689655,68.2758620689655,95.8620689655172,95.8620689655172,AAD2023.09.02768,2025-09-26T18:04:00.722Z
Auburn University,15,Statistics,161,"Mathematics and Statistics, Department of",563,44.8275862068966,93.7931034482759,91.7241379310345,54.4827586206896,71.7241379310345,44.1379310344828,81.3793103448276,55.8620689655172,87.5862068965517,58.6206896551724,53.1034482758621,25.5172413793103,11.0344827586207,75.1724137931034,48.9655172413793,75.1724137931034,51.7241379310345,40.6896551724138,23.448275862069,58.6206896551724,68.2758620689655,68.2758620689655,95.8620689655172,95.8620689655172,AAD2023.09.02768,2025-09-26T18:04:00.722Z
Colorado School of Mines,47,Statistics,161,"Applied Mathematics and Statistics, Department of",32394,88.2758620689655,20,44.1379310344828,72.4137931034483,40,49.6551724137931,44.1379310344828,52.4137931034483,21.3793103448276,21.3793103448276,57.9310344827586,75.1724137931034,74.4827586206896,48.9655172413793,64.8275862068965,66.8965517241379,84.1379310344828,73.7931034482759,46.2068965517241,59.3103448275862,68.2758620689655,68.2758620689655,95.8620689655172,95.8620689655172,AAD2023.09.02768,2025-09-26T18:04:00.722Z
"University of California, Davis",252,Statistics,161,"Statistics, Department of",1747,77.2413793103448,74.4827586206896,71.0344827586207,59.3103448275862,87.5862068965517,85.5172413793103,86.8965517241379,82.7586206896552,40,24.8275862068966,64.1379310344828,56.551724137931,48.9655172413793,75.1724137931034,68.2758620689655,91.0344827586207,87.5862068965517,76.551724137931,45.5172413793104,78.6206896551724,68.2758620689655,68.2758620689655,95.8620689655172,95.8620689655172,AAD2023.09.02768,2025-09-26T18:04:00.722Z
University of Delaware,270,Statistics,161,"Applied Economics and Statistics, Department of",10865,57.2413793103448,37.2413793103448,32.4137931034483,35.8620689655172,26.8965517241379,26.8965517241379,33.7931034482759,26.8965517241379,40,33.1034482758621,40,53.7931034482759,62.0689655172414,40.6896551724138,45.5172413793104,38.6206896551724,41.3793103448276,54.4827586206896,81.3793103448276,48.2758620689655,68.2758620689655,68.2758620689655,95.8620689655172,95.8620689655172,AAD2023.09.02768,2025-09-26T18:04:00.722Z
Missouri University of Science and Technology,306,Statistics,161,"Mathematics and Statistics, Department of",7934,62.7586206896552,32.4137931034483,62.0689655172414,86.2068965517241,46.8965517241379,57.2413793103448,57.9310344827586,68.9655172413793,21.3793103448276,21.3793103448276,61.3793103448276,68.9655172413793,57.2413793103448,59.3103448275862,74.4827586206896,53.1034482758621,62.7586206896552,46.2068965517241,24.1379310344828,39.3103448275862,68.2758620689655,68.2758620689655,95.8620689655172,95.8620689655172,AAD2023.09.02768,2025-09-26T18:04:00.722Z
Cornell University,51,Statistics,161,"Statistics and Data Science, Department of",15385,93.7931034482759,32.4137931034483,63.448275862069,87.5862068965517,68.9655172413793,80.6896551724138,71.7241379310345,86.2068965517241,67.5862068965517,79.3103448275862,68.2758620689655,77.2413793103448,71.0344827586207,40.6896551724138,46.8965517241379,79.3103448275862,94.4827586206896,93.1034482758621,75.1724137931034,82.0689655172414,68.2758620689655,68.2758620689655,95.8620689655172,95.8620689655172,AAD2023.09.02768,2025-09-26T18:04:00.722Z
University of Florida,273,Statistics,161,"Statistics, Department of (LS)",2180,77.2413793103448,24.8275862068966,52.4137931034483,78.6206896551724,64.8275862068965,75.1724137931034,33.7931034482759,28.2758620689655,56.551724137931,58.6206896551724,44.1379310344828,59.3103448275862,37.2413793103448,30.3448275862069,35.1724137931034,46.2068965517241,57.9310344827586,58.6206896551724,64.1379310344828,54.4827586206896,68.2758620689655,68.2758620689655,95.8620689655172,95.8620689655172,AAD2023.09.02768,2025-09-26T18:04:00.722Z
University of South Alabama,331,Statistics,161,"Mathematics and Statistics, Department of",37117,15.8620689655172,56.551724137931,34.4827586206897,27.5862068965517,26.8965517241379,21.3793103448276,33.7931034482759,22.7586206896552,56.551724137931,45.5172413793104,19.3103448275862,13.7931034482759,6.89655172413793,21.3793103448276,14.4827586206896,23.448275862069,14.4827586206896,21.3793103448276,54.4827586206896,22.0689655172414,68.2758620689655,68.2758620689655,95.8620689655172,95.8620689655172,AAD2023.09.02768,2025-09-26T18:04:00.722Z
Louisiana Tech University,112,Statistics,161,"Mathematics and Statistics, Department of",31998,38.6206896551724,3.44827586206896,13.1034482758621,75.1724137931034,5.51724137931034,5.51724137931034,18.6206896551724,18.6206896551724,21.3793103448276,21.3793103448276,12.4137931034483,40,18.6206896551724,11.7241379310345,11.7241379310345,14.4827586206896,28.9655172413793,13.1034482758621,11.0344827586207,11.0344827586207,68.2758620689655,68.2758620689655,95.8620689655172,95.8620689655172,AAD2023.09.02768,2025-09-26T18:04:00.722Z
University of Pennsylvania,326,Statistics,161,"Statistics, Department of",5179,95.1724137931034,48.2758620689655,86.2068965517241,97.2413793103448,79.3103448275862,86.8965517241379,33.7931034482759,24.1379310344828,40,30.3448275862069,89.6551724137931,92.4137931034483,86.2068965517241,66.8965517241379,75.8620689655172,80.6896551724138,90.3448275862069,89.6551724137931,73.7931034482759,83.448275862069,86.8965517241379,84.8275862068966,95.8620689655172,95.8620689655172,AAD2023.09.02768,2025-09-26T18:04:00.722Z
American University,8,Statistics,161,"Mathematics and Statistics, Department of",32416,30.3448275862069,37.2413793103448,17.2413793103448,13.1034482758621,56.551724137931,66.2068965517241,71.7241379310345,82.0689655172414,77.2413793103448,88.2758620689655,32.4137931034483,34.4827586206897,67.5862068965517,79.3103448275862,87.5862068965517,58.6206896551724,67.5862068965517,60,55.1724137931034,57.9310344827586,86.8965517241379,86.2068965517241,95.8620689655172,95.8620689655172,AAD2023.09.02768,2025-09-26T18:04:00.722Z
University of North Carolina Charlotte,317,Statistics,161,"Mathematics and Statistics, Department of",2837,44.8275862068966,93.1034482758621,82.0689655172414,44.8275862068966,61.3793103448276,40,91.7241379310345,78.6206896551724,87.5862068965517,64.8275862068965,46.8965517241379,24.1379310344828,17.2413793103448,63.448275862069,47.5862068965517,73.1034482758621,55.8620689655172,55.8620689655172,59.3103448275862,71.7241379310345,68.2758620689655,68.2758620689655,95.8620689655172,95.8620689655172,AAD2023.09.02768,2025-09-26T18:04:00.722Z
University of Texas Rio Grande Valley,557985,Statistics,161,"Mathematical and Statistical Sciences, School of",33690,38.6206896551724,96.551724137931,94.4827586206896,55.1724137931034,59.3103448275862,32.4137931034483,61.3793103448276,38.6206896551724,77.2413793103448,42.0689655172414,56.551724137931,26.8965517241379,13.1034482758621,82.7586206896552,59.3103448275862,58.6206896551724,35.1724137931034,45.5172413793104,70.3448275862069,62.7586206896552,68.2758620689655,68.2758620689655,95.8620689655172,95.8620689655172,AAD2023.09.02768,2025-09-26T18:04:00.722Z
"University of Minnesota, Twin Cities",301,Statistics,161,"Statistics, School of",5082,82.0689655172414,32.4137931034483,48.9655172413793,62.0689655172414,59.3103448275862,68.9655172413793,44.1379310344828,44.1379310344828,40,34.4827586206897,54.4827586206896,62.0689655172414,59.3103448275862,82.7586206896552,89.6551724137931,73.1034482758621,86.2068965517241,87.5862068965517,67.5862068965517,75.1724137931034,68.2758620689655,68.2758620689655,95.8620689655172,95.8620689655172,AAD2023.09.02768,2025-09-26T18:04:00.722Z
"University of Maine, The",287,Statistics,161,"Mathematics and Statistics, Department of",18855,11.7241379310345,48.2758620689655,15.8620689655172,11.0344827586207,22.0689655172414,17.9310344827586,44.1379310344828,38.6206896551724,21.3793103448276,21.3793103448276,20.6896551724138,17.2413793103448,26.8965517241379,21.3793103448276,15.1724137931034,48.9655172413793,51.0344827586207,24.8275862068966,11.7241379310345,25.5172413793103,68.2758620689655,68.2758620689655,95.8620689655172,95.8620689655172,AAD2023.09.02768,2025-09-26T18:04:00.722Z
"University of Chicago, The",261,Statistics,161,"Statistics, Department of",4742,93.7931034482759,80.6896551724138,83.448275862069,71.0344827586207,96.551724137931,95.1724137931034,71.7241379310345,60,82.0689655172414,71.7241379310345,96.551724137931,93.7931034482759,95.1724137931034,77.2413793103448,67.5862068965517,95.8620689655172,95.1724137931034,95.1724137931034,80,96.551724137931,79.3103448275862,72.4137931034483,95.8620689655172,95.8620689655172,AAD2023.09.02768,2025-09-26T18:04:00.722Z
Florida State University,73,Statistics,161,"Statistics, Department of",4172,71.7241379310345,71.0344827586207,67.5862068965517,56.551724137931,64.8275862068965,60,57.9310344827586,49.6551724137931,82.0689655172414,79.3103448275862,58.6206896551724,51.7241379310345,40.6896551724138,88.9655172413793,86.8965517241379,71.7241379310345,71.7241379310345,64.1379310344828,57.2413793103448,68.9655172413793,94.4827586206896,96.551724137931,95.8620689655172,95.8620689655172,AAD2023.09.02768,2025-09-26T18:04:00.722Z
Duke University,60,Statistics,161,"Statistical Sciences, Department of",8802,98.6206896551724,56.551724137931,89.6551724137931,96.551724137931,93.1034482758621,97.2413793103448,71.7241379310345,72.4137931034483,87.5862068965517,93.7931034482759,86.2068965517241,87.5862068965517,75.1724137931034,82.7586206896552,82.7586206896552,93.7931034482759,97.9310344827586,97.2413793103448,85.5172413793103,95.8620689655172,79.3103448275862,77.2413793103448,95.8620689655172,95.8620689655172,AAD2023.09.02768,2025-09-26T18:04:00.722Z
"University of Nevada, Las Vegas",311,Statistics,161,"Mathematical Sciences, Department of",2741,11.7241379310345,84.8275862068966,44.8275862068966,17.9310344827586,33.7931034482759,17.9310344827586,57.9310344827586,44.1379310344828,21.3793103448276,21.3793103448276,25.5172413793103,14.4827586206896,13.7931034482759,35.8620689655172,24.1379310344828,27.5862068965517,14.4827586206896,25.5172413793103,68.9655172413793,30.3448275862069,68.2758620689655,68.2758620689655,95.8620689655172,95.8620689655172,AAD2023.09.02768,2025-09-26T18:04:00.722Z
University of Illinois Chicago,279,Statistics,161,"Mathematics, Statistics and Computer Science, Department of",2292,66.8965517241379,97.2413793103448,92.4137931034483,46.2068965517241,97.2413793103448,88.2758620689655,81.3793103448276,53.1034482758621,91.0344827586207,60,60,27.5862068965517,20.6896551724138,79.3103448275862,52.4137931034483,99.3103448275862,93.7931034482759,92.4137931034483,73.1034482758621,98.6206896551724,68.2758620689655,68.2758620689655,95.8620689655172,95.8620689655172,AAD2023.09.02768,2025-09-26T18:04:00.722Z
"University of California, Los Angeles",254,Statistics,161,"Statistics and Data Science, Department of",1824,91.0344827586207,60,80.6896551724138,88.9655172413793,78.6206896551724,82.0689655172414,44.1379310344828,31.7241379310345,77.2413793103448,73.7931034482759,88.2758620689655,89.6551724137931,87.5862068965517,93.1034482758621,92.4137931034483,86.2068965517241,91.7241379310345,86.8965517241379,62.7586206896552,84.1379310344828,86.8965517241379,81.3793103448276,95.8620689655172,95.8620689655172,AAD2023.09.02768,2025-09-26T18:04:00.722Z
"University of Vermont, The",344,Statistics,161,"Mathematics and Statistics, Department of",8244,66.8965517241379,63.448275862069,71.7241379310345,70.3448275862069,54.4827586206896,51.7241379310345,44.1379310344828,31.0344827586207,87.5862068965517,91.7241379310345,75.8620689655172,76.551724137931,80.6896551724138,84.1379310344828,85.5172413793103,58.6206896551724,55.1724137931034,53.1034482758621,49.6551724137931,56.551724137931,79.3103448275862,75.8620689655172,99.3103448275862,98.6206896551724,AAD2023.09.02768,2025-09-26T18:04:00.722Z
New York University,146,Statistics,161,"Technology, Operations, and Statistics, Department of",34573,62.7586206896552,88.2758620689655,53.7931034482759,22.0689655172414,94.4827586206896,92.4137931034483,90.3448275862069,82.0689655172414,40,23.448275862069,77.9310344827586,64.1379310344828,90.3448275862069,97.9310344827586,96.551724137931,34.4827586206897,19.3103448275862,30.3448275862069,74.4827586206896,40.6896551724138,97.9310344827586,98.6206896551724,95.8620689655172,95.8620689655172,AAD2023.09.02768,2025-09-26T18:04:00.722Z
University of Wyoming,349,Statistics,161,"Mathematics and Statistics, Department of",3356,30.3448275862069,51.0344827586207,42.0689655172414,38.6206896551724,40,33.1034482758621,53.1034482758621,48.2758620689655,21.3793103448276,21.3793103448276,33.7931034482759,29.6551724137931,30.3448275862069,63.448275862069,72.4137931034483,53.1034482758621,53.1034482758621,42.0689655172414,25.5172413793103,40,68.2758620689655,68.2758620689655,95.8620689655172,95.8620689655172,AAD2023.09.02768,2025-09-26T18:04:00.722Z
"University of California, Santa Barbara",258,Statistics,161,"Statistics and Applied Probability, Department of",4703,71.7241379310345,42.7586206896552,62.7586206896552,75.8620689655172,56.551724137931,64.8275862068965,71.7241379310345,79.3103448275862,56.551724137931,50.3448275862069,67.5862068965517,74.4827586206896,71.7241379310345,40.6896551724138,43.448275862069,58.6206896551724,65.5172413793104,80,86.2068965517241,70.3448275862069,68.2758620689655,68.2758620689655,95.8620689655172,95.8620689655172,AAD2023.09.02768,2025-09-26T18:04:00.722Z
University of Notre Dame,323,Statistics,161,"Applied and Computational Mathematics and Statistics, Department of",32156,91.0344827586207,56.551724137931,68.9655172413793,77.9310344827586,66.8965517241379,67.5862068965517,33.7931034482759,22.7586206896552,40,28.2758620689655,70.3448275862069,69.6551724137931,64.8275862068965,93.1034482758621,93.1034482758621,82.0689655172414,88.9655172413793,82.0689655172414,51.7241379310345,76.551724137931,97.9310344827586,100,95.8620689655172,95.8620689655172,AAD2023.09.02768,2025-09-26T18:04:00.722Z
University of North Carolina at Chapel Hill,316,Statistics,161,"Statistics and Operations Research, Department of",5130,82.0689655172414,74.4827586206896,75.1724137931034,68.2758620689655,71.7241379310345,64.1379310344828,75.8620689655172,70.3448275862069,56.551724137931,37.9310344827586,86.8965517241379,84.1379310344828,88.2758620689655,77.2413793103448,70.3448275862069,88.9655172413793,84.8275862068966,94.4827586206896,89.6551724137931,93.7931034482759,92.4137931034483,92.4137931034483,95.8620689655172,95.8620689655172,AAD2023.09.02768,2025-09-26T18:04:00.722Z
University of Alaska Fairbanks,246,Statistics,161,"Mathematics and Statistics, Department of",1517,15.8620689655172,42.7586206896552,13.7931034482759,11.7241379310345,15.8620689655172,12.4137931034483,18.6206896551724,18.6206896551724,67.5862068965517,71.0344827586207,14.4827586206896,12.4137931034483,20,25.5172413793103,21.3793103448276,53.1034482758621,59.3103448275862,55.1724137931034,51.0344827586207,53.7931034482759,68.2758620689655,68.2758620689655,95.8620689655172,95.8620689655172,AAD2023.09.02768,2025-09-26T18:04:00.722Z
Miami University,131,Statistics,161,"Statistics, Department of",18619,38.6206896551724,16.551724137931,17.9310344827586,30.3448275862069,33.7931034482759,40.6896551724138,18.6206896551724,18.6206896551724,21.3793103448276,21.3793103448276,17.2413793103448,20.6896551724138,21.3793103448276,21.3793103448276,19.3103448275862,10.3448275862069,10.3448275862069,10.3448275862069,10.3448275862069,10.3448275862069,68.2758620689655,68.2758620689655,95.8620689655172,95.8620689655172,AAD2023.09.02768,2025-09-26T18:04:00.722Z
University of Missouri,304,Statistics,161,"Statistics, Department of",9981,77.2413793103448,32.4137931034483,72.4137931034483,93.7931034482759,68.9655172413793,80.6896551724138,71.7241379310345,86.2068965517241,77.2413793103448,91.0344827586207,55.8620689655172,62.7586206896552,28.2758620689655,35.8620689655172,39.3103448275862,58.6206896551724,71.7241379310345,60.6896551724138,50.3448275862069,57.2413793103448,68.2758620689655,68.2758620689655,95.8620689655172,95.8620689655172,AAD2023.09.02768,2025-09-26T18:04:00.722Z
Oregon State University,161,Statistics,161,"Statistics, Department of",611,62.7586206896552,42.7586206896552,56.551724137931,62.7586206896552,40,35.8620689655172,18.6206896551724,18.6206896551724,40,32.4137931034483,63.448275862069,65.5172413793104,69.6551724137931,30.3448275862069,28.2758620689655,38.6206896551724,37.9310344827586,70.3448275862069,97.2413793103448,64.1379310344828,68.2758620689655,68.2758620689655,95.8620689655172,95.8620689655172,AAD2023.09.02768,2025-09-26T18:04:00.722Z
San Diego State University,181,Statistics,161,"Mathematics and Statistics, Department of",32935,71.7241379310345,84.8275862068966,85.5172413793103,68.9655172413793,42.7586206896552,31.0344827586207,94.4827586206896,96.551724137931,94.4827586206896,91.0344827586207,76.551724137931,64.8275862068965,64.1379310344828,80,71.0344827586207,81.3793103448276,72.4137931034483,81.3793103448276,77.2413793103448,85.5172413793103,79.3103448275862,70.3448275862069,95.8620689655172,95.8620689655172,AAD2023.09.02768,2025-09-26T18:04:00.722Z
Johns Hopkins University,102,Statistics,161,"Applied Mathematics and Statistics, Department of",8867,88.2758620689655,48.2758620689655,70.3448275862069,88.2758620689655,75.1724137931034,82.7586206896552,53.1034482758621,52.4137931034483,56.551724137931,48.9655172413793,95.1724137931034,97.2413793103448,96.551724137931,91.7241379310345,95.1724137931034,79.3103448275862,85.5172413793103,96.551724137931,94.4827586206896,91.0344827586207,88.9655172413793,91.7241379310345,95.8620689655172,95.8620689655172,AAD2023.09.02768,2025-09-26T18:04:00.722Z
"University of Arizona, The",247,Statistics,161,"Statistics, GIDP",19594,82.0689655172414,92.4137931034483,99.3103448275862,92.4137931034483,91.0344827586207,77.9310344827586,83.448275862069,64.8275862068965,98.6206896551724,95.8620689655172,92.4137931034483,85.5172413793103,77.2413793103448,94.4827586206896,83.448275862069,80,64.8275862068965,78.6206896551724,82.7586206896552,86.8965517241379,79.3103448275862,68.9655172413793,99.3103448275862,96.551724137931,AAD2023.09.02768,2025-09-26T18:04:00.722Z
South Dakota State University,190,Statistics,161,"Mathematics and Statistics, Department of",9810,8.96551724137931,42.7586206896552,9.6551724137931,5.51724137931034,10.3448275862069,6.89655172413793,18.6206896551724,18.6206896551724,67.5862068965517,71.0344827586207,15.1724137931034,13.1034482758621,35.1724137931034,53.7931034482759,61.3793103448276,34.4827586206897,31.7241379310345,53.7931034482759,91.0344827586207,49.6551724137931,68.2758620689655,68.2758620689655,95.8620689655172,95.8620689655172,AAD2023.09.02768,2025-09-26T18:04:00.722Z
"University of California, Santa Cruz",259,Statistics,161,"Applied Mathematics, Department of",34772,88.2758620689655,20,46.2068965517241,80,22.0689655172414,26.8965517241379,18.6206896551724,18.6206896551724,40,40.6896551724138,64.8275862068965,79.3103448275862,80,71.0344827586207,88.2758620689655,61.3793103448276,79.3103448275862,75.8620689655172,58.6206896551724,60.6896551724138,68.2758620689655,68.2758620689655,95.8620689655172,95.8620689655172,AAD2023.09.02768,2025-09-26T18:04:00.722Z
James Madison University,525,Statistics,161,"Mathematics and Statistics, Department of",38842,2.06896551724138,95.1724137931034,11.7241379310345,0.689655172413794,26.8965517241379,8.96551724137931,95.8620689655172,90.3448275862069,56.551724137931,26.8965517241379,6.89655172413793,0.689655172413794,6.20689655172414,44.1379310344828,24.8275862068966,38.6206896551724,17.2413793103448,33.7931034482759,84.1379310344828,48.9655172413793,68.2758620689655,68.2758620689655,95.8620689655172,95.8620689655172,AAD2023.09.02768,2025-09-26T18:04:00.722Z
Bowling Green State University,25,Statistics,161,"Applied Statistics and Operations Research, Department of",34360,21.3793103448276,5.51724137931034,5.51724137931034,20.6896551724138,10.3448275862069,17.9310344827586,18.6206896551724,18.6206896551724,40,66.8965517241379,9.6551724137931,23.448275862069,33.7931034482759,11.7241379310345,11.7241379310345,10.3448275862069,10.3448275862069,10.3448275862069,10.3448275862069,10.3448275862069,68.2758620689655,68.2758620689655,95.8620689655172,95.8620689655172,AAD2023.09.02768,2025-09-26T18:04:00.722Z
University of Idaho,278,Statistics,161,"Mathematics and Statistical Science, Department of",35307,38.6206896551724,60,46.2068965517241,35.1724137931034,33.7931034482759,24.8275862068966,71.7241379310345,71.7241379310345,95.1724137931034,97.2413793103448,50.3448275862069,49.6551724137931,58.6206896551724,55.1724137931034,60,38.6206896551724,33.1034482758621,35.8620689655172,47.5862068965517,31.7241379310345,68.2758620689655,68.2758620689655,95.8620689655172,95.8620689655172,AAD2023.09.02768,2025-09-26T18:04:00.722Z
Virginia Commonwealth University,353,Statistics,161,"Statistical Sciences and Operations Research, Department of",14891,51.7241379310345,20,30.3448275862069,45.5172413793104,33.7931034482759,37.2413793103448,18.6206896551724,18.6206896551724,21.3793103448276,21.3793103448276,42.0689655172414,61.3793103448276,73.1034482758621,48.9655172413793,64.8275862068965,23.448275862069,26.8965517241379,20.6896551724138,28.9655172413793,19.3103448275862,68.2758620689655,68.2758620689655,95.8620689655172,95.8620689655172,AAD2023.09.02768,2025-09-26T18:04:00.722Z
University of Washington,346,Statistics,161,"Statistics, Department of",3293,98.6206896551724,37.2413793103448,75.8620689655172,95.1724137931034,90.3448275862069,96.551724137931,75.8620689655172,87.5862068965517,77.2413793103448,88.2758620689655,91.7241379310345,95.1724137931034,91.7241379310345,61.3793103448276,75.1724137931034,88.9655172413793,98.6206896551724,100,95.8620689655172,97.2413793103448,68.2758620689655,68.2758620689655,95.8620689655172,95.8620689655172,AAD2023.09.02768,2025-09-26T18:04:00.722Z
Purdue University,168,Statistics,161,"Statistics, Department of",9115,62.7586206896552,89.6551724137931,77.9310344827586,51.0344827586207,88.9655172413793,77.2413793103448,93.7931034482759,92.4137931034483,56.551724137931,32.4137931034483,66.8965517241379,51.0344827586207,48.2758620689655,90.3448275862069,82.0689655172414,79.3103448275862,66.2068965517241,62.0689655172414,57.9310344827586,74.4827586206896,92.4137931034483,89.6551724137931,95.8620689655172,95.8620689655172,AAD2023.09.02768,2025-09-26T18:04:00.723Z
Texas A&M University,215,Statistics,161,"Statistics, Department of",1150,88.2758620689655,84.8275862068966,84.1379310344828,66.8965517241379,87.5862068965517,80.6896551724138,61.3793103448276,52.4137931034483,87.5862068965517,79.3103448275862,80,67.5862068965517,68.9655172413793,75.1724137931034,62.7586206896552,91.7241379310345,83.448275862069,83.448275862069,64.8275862068965,88.9655172413793,68.2758620689655,68.2758620689655,95.8620689655172,95.8620689655172,AAD2023.09.02768,2025-09-26T18:04:00.723Z
University of Kentucky,283,Statistics,161,"Statistics, Department of",32377,66.8965517241379,24.8275862068966,69.6551724137931,94.4827586206896,40,42.7586206896552,33.7931034482759,28.2758620689655,40,35.1724137931034,68.9655172413793,81.3793103448276,60.6896551724138,40.6896551724138,48.2758620689655,40.6896551724138,48.9655172413793,68.9655172413793,93.7931034482759,60,68.2758620689655,68.2758620689655,95.8620689655172,95.8620689655172,AAD2023.09.02768,2025-09-26T18:04:00.723Z
University of South Carolina,332,Statistics,161,"Statistics, Department of",3079,62.7586206896552,22.7586206896552,31.7241379310345,48.9655172413793,46.8965517241379,62.7586206896552,53.1034482758621,64.1379310344828,40,37.9310344827586,28.9655172413793,39.3103448275862,29.6551724137931,11.7241379310345,11.7241379310345,23.448275862069,22.7586206896552,31.0344827586207,61.3793103448276,24.8275862068966,68.2758620689655,68.2758620689655,95.8620689655172,95.8620689655172,AAD2023.09.02768,2025-09-26T18:04:00.723Z
Old Dominion University,159,Statistics,161,"Mathematics and Statistics, Department of",6548,44.8275862068966,68.2758620689655,60,43.448275862069,42.7586206896552,33.7931034482759,81.3793103448276,77.9310344827586,56.551724137931,40.6896551724138,38.6206896551724,33.7931034482759,28.9655172413793,59.3103448275862,57.9310344827586,61.3793103448276,54.4827586206896,39.3103448275862,20,43.448275862069,79.3103448275862,73.7931034482759,95.8620689655172,95.8620689655172,AAD2023.09.02768,2025-09-26T18:04:00.723Z
"University of California, Santa Cruz",259,Statistics,161,"Statistics, Department of",34558,93.7931034482759,13.7931034482759,33.7931034482759,85.5172413793103,54.4827586206896,84.1379310344828,44.1379310344828,62.0689655172414,21.3793103448276,21.3793103448276,93.1034482758621,98.6206896551724,99.3103448275862,11.7241379310345,11.7241379310345,62.7586206896552,91.0344827586207,72.4137931034483,36.551724137931,53.1034482758621,68.2758620689655,68.2758620689655,95.8620689655172,95.8620689655172,AAD2023.09.02768,2025-09-26T18:04:00.723Z
Mississippi State University,136,Statistics,161,"Mathematics and Statistics, Department of",4456,21.3793103448276,63.448275862069,60,49.6551724137931,33.7931034482759,22.7586206896552,18.6206896551724,18.6206896551724,40,26.2068965517241,37.9310344827586,37.9310344827586,27.5862068965517,53.7931034482759,53.7931034482759,40.6896551724138,35.8620689655172,26.8965517241379,21.3793103448276,29.6551724137931,68.2758620689655,68.2758620689655,95.8620689655172,95.8620689655172,AAD2023.09.02768,2025-09-26T18:04:00.723Z
Stanford University,198,Statistics,161,"Statistics, Department of",8702,100,63.448275862069,95.1724137931034,97.9310344827586,100,100,93.1034482758621,94.4827586206896,82.0689655172414,84.1379310344828,99.3103448275862,100,98.6206896551724,71.0344827586207,71.7241379310345,96.551724137931,100,98.6206896551724,91.7241379310345,99.3103448275862,99.3103448275862,99.3103448275862,95.8620689655172,95.8620689655172,AAD2023.09.02768,2025-09-26T18:04:00.723Z
Louisiana State University,109,Statistics,161,"Experimental Statistics, Department of",11275,66.8965517241379,5.51724137931034,24.1379310344828,89.6551724137931,26.8965517241379,57.2413793103448,53.1034482758621,92.4137931034483,40,66.8965517241379,35.8620689655172,80.6896551724138,72.4137931034483,11.7241379310345,11.7241379310345,10.3448275862069,10.3448275862069,10.3448275862069,10.3448275862069,10.3448275862069,79.3103448275862,91.7241379310345,95.8620689655172,95.8620689655172,AAD2023.09.02768,2025-09-26T18:04:00.723Z
Fordham University,74,Statistics,161,Strategy and Statistics Area,33873,8.96551724137931,8.27586206896552,0.689655172413794,1.37931034482759,33.7931034482759,59.3103448275862,18.6206896551724,18.6206896551724,21.3793103448276,21.3793103448276,5.51724137931034,11.7241379310345,78.6206896551724,59.3103448275862,91.7241379310345,10.3448275862069,10.3448275862069,10.3448275862069,10.3448275862069,10.3448275862069,68.2758620689655,68.2758620689655,95.8620689655172,95.8620689655172,AAD2023.09.02768,2025-09-26T18:04:00.723Z
Iowa State University,99,Statistics,161,"Statistics and Statistical Laboratory, Department of",5723,77.2413793103448,80.6896551724138,79.3103448275862,64.1379310344828,80,74.4827586206896,71.7241379310345,60,94.4827586206896,93.1034482758621,66.2068965517241,57.9310344827586,46.2068965517241,48.9655172413793,38.6206896551724,48.9655172413793,42.0689655172414,44.1379310344828,55.8620689655172,51.7241379310345,79.3103448275862,72.4137931034483,95.8620689655172,95.8620689655172,AAD2023.09.02768,2025-09-26T18:04:00.723Z
Indiana University - Bloomington,96,Statistics,161,"Statistics, Department of",13627,30.3448275862069,8.27586206896552,6.89655172413793,21.3793103448276,22.0689655172414,38.6206896551724,18.6206896551724,18.6206896551724,40,58.6206896551724,17.9310344827586,32.4137931034483,53.7931034482759,11.7241379310345,11.7241379310345,14.4827586206896,21.3793103448276,71.0344827586207,100,44.8275862068966,68.2758620689655,68.2758620689655,95.8620689655172,95.8620689655172,AAD2023.09.02768,2025-09-26T18:04:00.723Z
Western Michigan University,363,Statistics,161,"Statistics, Department of",3673,4.13793103448276,5.51724137931034,2.06896551724138,4.13793103448276,5.51724137931034,5.51724137931034,18.6206896551724,18.6206896551724,21.3793103448276,21.3793103448276,1.37931034482759,4.82758620689655,6.20689655172414,11.7241379310345,11.7241379310345,10.3448275862069,10.3448275862069,10.3448275862069,10.3448275862069,10.3448275862069,68.2758620689655,68.2758620689655,95.8620689655172,95.8620689655172,AAD2023.09.02768,2025-09-26T18:04:00.723Z
Arizona State University,12,Statistics,161,"Mathematical and Statistical Sciences, School of",13955,57.2413793103448,99.3103448275862,93.1034482758621,34.4827586206897,85.5172413793103,58.6206896551724,86.8965517241379,53.7931034482759,97.9310344827586,82.7586206896552,84.8275862068966,55.8620689655172,66.2068965517241,85.5172413793103,55.1724137931034,93.1034482758621,64.1379310344828,66.8965517241379,68.2758620689655,89.6551724137931,95.1724137931034,93.1034482758621,95.8620689655172,95.8620689655172,AAD2023.09.02768,2025-09-26T18:04:00.723Z
"Ohio State University, The",156,Statistics,161,"Statistics, Department of",10575,62.7586206896552,68.2758620689655,60.6896551724138,44.1379310344828,72.4137931034483,67.5862068965517,53.1034482758621,41.3793103448276,82.0689655172414,80,48.9655172413793,43.448275862069,39.3103448275862,51.0344827586207,46.8965517241379,66.2068965517241,61.3793103448276,47.5862068965517,31.0344827586207,50.3448275862069,68.2758620689655,68.2758620689655,95.8620689655172,95.8620689655172,AAD2023.09.02768,2025-09-26T18:04:00.723Z
Northern Illinois University,152,Statistics,161,"Statistics and Actuarial Science, Department of",13409,21.3793103448276,3.44827586206896,2.75862068965518,8.96551724137931,10.3448275862069,21.3793103448276,18.6206896551724,18.6206896551724,21.3793103448276,21.3793103448276,6.20689655172414,17.9310344827586,46.8965517241379,11.7241379310345,11.7241379310345,10.3448275862069,10.3448275862069,10.3448275862069,10.3448275862069,10.3448275862069,68.2758620689655,68.2758620689655,95.8620689655172,95.8620689655172,AAD2023.09.02768,2025-09-26T18:04:00.723Z
Texas A&M Corpus Christi,217,Statistics,161,"Mathematics and Statistics, Department of",11533,17.9310344827586,32.4137931034483,22.7586206896552,23.448275862069,10.3448275862069,7.58620689655173,18.6206896551724,18.6206896551724,67.5862068965517,79.3103448275862,31.0344827586207,36.551724137931,56.551724137931,44.1379310344828,51.7241379310345,14.4827586206896,12.4137931034483,11.7241379310345,20.6896551724138,13.1034482758621,68.2758620689655,68.2758620689655,95.8620689655172,95.8620689655172,AAD2023.09.02768,2025-09-26T18:04:00.723Z
Georgia State University,83,Statistics,161,"Mathematics and Statistics, Department of",4225,57.2413793103448,66.8965517241379,64.8275862068965,60.6896551724138,35.8620689655172,28.2758620689655,71.7241379310345,66.8965517241379,77.2413793103448,68.2758620689655,52.4137931034483,47.5862068965517,31.7241379310345,82.7586206896552,78.6206896551724,75.1724137931034,73.7931034482759,57.9310344827586,40,62.0689655172414,79.3103448275862,74.4827586206896,95.8620689655172,95.8620689655172,AAD2023.09.02768,2025-09-26T18:04:00.723Z
University of North Carolina Charlotte,317,Statistics,161,"Data Science, School of",37324,71.7241379310345,100,100,74.4827586206896,87.5862068965517,46.8965517241379,97.9310344827586,77.9310344827586,100,96.551724137931,100,93.1034482758621,94.4827586206896,100,94.4827586206896,95.1724137931034,58.6206896551724,69.6551724137931,80.6896551724138,95.1724137931034,100,95.8620689655172,100,99.3103448275862,AAD2023.09.02768,2025-09-26T18:04:00.723Z
"California State University, Long Beach",537217,Statistics,161,"Mathematics and Statistics, Department of",37882,6.20689655172414,91.0344827586207,21.3793103448276,2.75862068965518,35.8620689655172,18.6206896551724,81.3793103448276,62.7586206896552,21.3793103448276,21.3793103448276,26.8965517241379,11.0344827586207,44.8275862068966,30.3448275862069,18.6206896551724,34.4827586206897,16.551724137931,27.5862068965517,66.2068965517241,37.2413793103448,68.2758620689655,68.2758620689655,95.8620689655172,95.8620689655172,AAD2023.09.02768,2025-09-26T18:04:00.723Z
Air Force Institute of Technology,2,Statistics,161,"Mathematics and Statistics, Department of",9689,21.3793103448276,32.4137931034483,21.3793103448276,20,26.8965517241379,28.9655172413793,18.6206896551724,18.6206896551724,40,34.4827586206897,13.1034482758621,15.1724137931034,10.3448275862069,66.8965517241379,79.3103448275862,14.4827586206896,12.4137931034483,11.0344827586207,17.2413793103448,11.7241379310345,68.2758620689655,68.2758620689655,95.8620689655172,95.8620689655172,AAD2023.09.02768,2025-09-26T18:04:00.723Z
University of Central Florida,260,Statistics,161,"Statistics and Data Science, Department of",19119,51.7241379310345,22.7586206896552,36.551724137931,57.9310344827586,22.0689655172414,23.448275862069,18.6206896551724,18.6206896551724,56.551724137931,62.7586206896552,29.6551724137931,40.6896551724138,26.2068965517241,71.0344827586207,86.2068965517241,27.5862068965517,30.3448275862069,15.8620689655172,13.1034482758621,15.8620689655172,68.2758620689655,68.2758620689655,95.8620689655172,95.8620689655172,AAD2023.09.02768,2025-09-26T18:04:00.723Z
Boston University,24,Statistics,161,"Mathematics and Statistics, Department of",9714,66.8965517241379,96.551724137931,98.6206896551724,85.5172413793103,93.7931034482759,83.448275862069,95.8620689655172,89.6551724137931,40,22.0689655172414,97.2413793103448,90.3448275862069,89.6551724137931,59.3103448275862,36.551724137931,88.9655172413793,68.2758620689655,85.5172413793103,90.3448275862069,94.4827586206896,98.6206896551724,97.2413793103448,95.8620689655172,95.8620689655172,AAD2023.09.02768,2025-09-26T18:04:00.723Z
"University of Missouri - Kansas City, The",305,Statistics,161,"Mathematics and Statistics, Department of",9462,30.3448275862069,8.27586206896552,10.3448275862069,37.9310344827586,15.8620689655172,29.6551724137931,18.6206896551724,18.6206896551724,21.3793103448276,21.3793103448276,8.96551724137931,18.6206896551724,11.7241379310345,11.7241379310345,11.7241379310345,23.448275862069,37.2413793103448,20,13.7931034482759,13.7931034482759,68.2758620689655,68.2758620689655,95.8620689655172,95.8620689655172,AAD2023.09.02768,2025-09-26T18:04:00.723Z
North Carolina State University,148,Statistics,161,"Statistics, Department of",444,88.2758620689655,84.8275862068966,95.8620689655172,90.3448275862069,89.6551724137931,84.8275862068966,81.3793103448276,68.9655172413793,87.5862068965517,79.3103448275862,90.3448275862069,86.8965517241379,82.7586206896552,63.448275862069,55.8620689655172,84.1379310344828,76.551724137931,80.6896551724138,71.0344827586207,84.8275862068966,68.2758620689655,68.2758620689655,95.8620689655172,95.8620689655172,AAD2023.09.02768,2025-09-26T18:04:00.723Z
Sam Houston State University,180,Statistics,161,"Mathematics and Statistics, Department of",38326,8.96551724137931,80.6896551724138,22.0689655172414,6.20689655172414,15.8620689655172,8.27586206896552,33.7931034482759,19.3103448275862,77.2413793103448,58.6206896551724,11.7241379310345,5.51724137931034,7.58620689655173,35.8620689655172,26.2068965517241,10.3448275862069,10.3448275862069,10.3448275862069,10.3448275862069,10.3448275862069,68.2758620689655,68.2758620689655,95.8620689655172,95.8620689655172,AAD2023.09.02768,2025-09-26T18:04:00.723Z
Florida International University,72,Statistics,161,"Mathematics and Statistical Sciences, Department of",11848,30.3448275862069,88.9655172413793,77.9310344827586,53.1034482758621,64.8275862068965,47.5862068965517,86.8965517241379,73.1034482758621,77.2413793103448,51.0344827586207,55.1724137931034,31.0344827586207,24.8275862068966,48.9655172413793,34.4827586206897,58.6206896551724,45.5172413793104,43.448275862069,48.9655172413793,55.1724137931034,68.2758620689655,68.2758620689655,95.8620689655172,95.8620689655172,AAD2023.09.02768,2025-09-26T18:04:00.723Z
University of North Carolina Wilmington,399,Statistics,161,"Mathematics & Statistics, Department of",40048,6.20689655172414,74.4827586206896,27.5862068965517,9.6551724137931,22.0689655172414,11.7241379310345,71.7241379310345,64.1379310344828,56.551724137931,37.9310344827586,20,8.27586206896552,14.4827586206896,25.5172413793103,17.9310344827586,34.4827586206897,22.7586206896552,22.0689655172414,37.9310344827586,28.9655172413793,86.8965517241379,79.3103448275862,95.8620689655172,95.8620689655172,AAD2023.09.02768,2025-09-26T18:04:00.723Z
University of Connecticut,267,Statistics,161,"Statistics, Department of",2051,88.2758620689655,56.551724137931,88.9655172413793,95.8620689655172,83.448275862069,87.5862068965517,91.7241379310345,95.1724137931034,97.9310344827586,100,71.7241379310345,71.7241379310345,37.9310344827586,44.1379310344828,44.1379310344828,58.6206896551724,60.6896551724138,48.2758620689655,33.7931034482759,46.8965517241379,68.2758620689655,68.2758620689655,95.8620689655172,95.8620689655172,AAD2023.09.02768,2025-09-26T18:04:00.723Z
Marquette University,119,Statistics,161,"Mathematical and Statistical Sciences, Department of",6283,38.6206896551724,37.2413793103448,51.7241379310345,62.0689655172414,26.8965517241379,26.8965517241379,90.3448275862069,97.2413793103448,56.551724137931,52.4137931034483,51.7241379310345,60,50.3448275862069,59.3103448275862,73.1034482758621,46.2068965517241,51.0344827586207,50.3448275862069,46.8965517241379,44.1379310344828,68.2758620689655,68.2758620689655,95.8620689655172,95.8620689655172,AAD2023.09.02768,2025-09-26T18:04:00.723Z
George Mason University,79,Statistics,161,"Statistics, Department of",4202,44.8275862068966,56.551724137931,42.0689655172414,33.7931034482759,54.4827586206896,57.9310344827586,53.1034482758621,46.2068965517241,21.3793103448276,21.3793103448276,44.8275862068966,45.5172413793104,54.4827586206896,35.8620689655172,32.4137931034483,46.2068965517241,48.2758620689655,51.7241379310345,63.448275862069,52.4137931034483,68.2758620689655,68.2758620689655,95.8620689655172,95.8620689655172,AAD2023.09.02768,2025-09-26T18:04:00.723Z
Columbia University,49,Statistics,161,"Statistics, Department of",5503,88.2758620689655,88.2758620689655,91.0344827586207,77.2413793103448,97.9310344827586,95.8620689655172,81.3793103448276,66.2068965517241,77.2413793103448,52.4137931034483,98.6206896551724,95.8620689655172,97.2413793103448,87.5862068965517,76.551724137931,95.1724137931034,86.8965517241379,88.9655172413793,75.8620689655172,93.1034482758621,88.9655172413793,80.6896551724138,95.8620689655172,95.8620689655172,AAD2023.09.02768,2025-09-26T18:04:00.723Z
Harvard University,87,Statistics,161,"Statistics, Department of",4273,98.6206896551724,32.4137931034483,82.7586206896552,98.6206896551724,96.551724137931,99.3103448275862,75.8620689655172,89.6551724137931,91.0344827586207,98.6206896551724,93.7931034482759,97.9310344827586,92.4137931034483,71.0344827586207,80.6896551724138,86.8965517241379,99.3103448275862,97.9310344827586,84.8275862068966,92.4137931034483,79.3103448275862,78.6206896551724,95.8620689655172,95.8620689655172,AAD2023.09.02768,2025-09-26T18:04:00.723Z
"University of New Mexico, The",314,Statistics,161,"Mathematics and Statistics, Department of",2804,38.6206896551724,71.0344827586207,46.8965517241379,26.8965517241379,59.3103448275862,53.1034482758621,86.8965517241379,86.2068965517241,56.551724137931,39.3103448275862,40.6896551724138,33.1034482758621,45.5172413793104,71.0344827586207,66.8965517241379,48.9655172413793,44.8275862068966,35.1724137931034,28.2758620689655,36.551724137931,68.2758620689655,68.2758620689655,95.8620689655172,95.8620689655172,AAD2023.09.02768,2025-09-26T18:04:00.723Z
Texas Tech University,222,Statistics,161,"Mathematics and Statistics, Department of",1184,51.7241379310345,95.1724137931034,87.5862068965517,46.8965517241379,76.551724137931,53.7931034482759,96.551724137931,93.1034482758621,95.8620689655172,85.5172413793103,71.0344827586207,44.1379310344828,38.6206896551724,87.5862068965517,68.9655172413793,66.2068965517241,43.448275862069,33.1034482758621,24.8275862068966,47.5862068965517,68.2758620689655,68.2758620689655,95.8620689655172,95.8620689655172,AAD2023.09.02768,2025-09-26T18:04:00.723Z
"University of North Carolina at Greensboro, The",318,Statistics,161,"Mathematics and Statistics, Department of",14277,38.6206896551724,51.0344827586207,42.7586206896552,39.3103448275862,46.8965517241379,44.8275862068966,33.7931034482759,23.448275862069,67.5862068965517,64.8275862068965,24.8275862068966,21.3793103448276,15.8620689655172,35.8620689655172,33.7931034482759,61.3793103448276,63.448275862069,48.9655172413793,26.2068965517241,45.5172413793104,68.2758620689655,68.2758620689655,95.8620689655172,95.8620689655172,AAD2023.09.02768,2025-09-26T18:04:00.723Z
"University of Maryland, Baltimore County",288,Statistics,161,"Mathematics and Statistics, Department of",4909,44.8275862068966,74.4827586206896,55.1724137931034,32.4137931034483,47.5862068965517,37.9310344827586,33.7931034482759,20,77.2413793103448,62.7586206896552,46.2068965517241,35.1724137931034,40,55.1724137931034,49.6551724137931,62.7586206896552,53.7931034482759,49.6551724137931,42.7586206896552,55.8620689655172,68.2758620689655,68.2758620689655,95.8620689655172,95.8620689655172,AAD2023.09.02768,2025-09-26T18:04:00.723Z
"University of California, Riverside",255,Statistics,161,"Statistics, Department of",1870,88.2758620689655,32.4137931034483,56.551724137931,73.1034482758621,71.7241379310345,81.3793103448276,61.3793103448276,77.9310344827586,82.0689655172414,94.4827586206896,60.6896551724138,66.8965517241379,63.448275862069,25.5172413793103,24.1379310344828,48.9655172413793,60.6896551724138,82.7586206896552,95.1724137931034,72.4137931034483,68.2758620689655,68.2758620689655,95.8620689655172,95.8620689655172,AAD2023.09.02768,2025-09-26T18:04:00.723Z
University of Michigan,300,Statistics,161,"Statistics, Department of",4990,91.0344827586207,63.448275862069,65.5172413793104,63.448275862069,85.5172413793103,88.9655172413793,53.1034482758621,44.8275862068966,21.3793103448276,21.3793103448276,85.5172413793103,83.448275862069,88.9655172413793,61.3793103448276,63.448275862069,90.3448275862069,92.4137931034483,91.0344827586207,66.8965517241379,88.2758620689655,79.3103448275862,75.8620689655172,95.8620689655172,95.8620689655172,AAD2023.09.02768,2025-09-26T18:04:00.723Z
"University of California, Irvine",253,Statistics,161,"Statistics, Department of",4664,95.1724137931034,22.7586206896552,76.551724137931,100,75.1724137931034,91.0344827586207,44.1379310344828,46.8965517241379,56.551724137931,62.7586206896552,73.7931034482759,88.2758620689655,65.5172413793104,35.8620689655172,44.8275862068966,71.0344827586207,89.6551724137931,93.7931034482759,83.448275862069,79.3103448275862,68.2758620689655,68.2758620689655,99.3103448275862,100,AAD2023.09.02768,2025-09-26T18:04:00.723Z
University of Louisiana at Lafayette,284,Statistics,161,"Mathematics, Department of",2445,38.6206896551724,66.8965517241379,55.1724137931034,41.3793103448276,40,31.7241379310345,53.1034482758621,42.7586206896552,40,25.5172413793103,30.3448275862069,22.0689655172414,15.1724137931034,30.3448275862069,22.7586206896552,44.1379310344828,40,31.7241379310345,29.6551724137931,31.0344827586207,68.2758620689655,68.2758620689655,95.8620689655172,95.8620689655172,AAD2023.09.02768,2025-09-26T18:04:00.723Z
"University of Maryland, College Park",289,Statistics,161,"Mathematics, Department of",7769,71.7241379310345,98.6206896551724,97.9310344827586,60,98.6206896551724,89.6551724137931,97.2413793103448,88.2758620689655,99.3103448275862,88.9655172413793,82.0689655172414,53.1034482758621,42.7586206896552,66.8965517241379,37.2413793103448,100,93.1034482758621,84.1379310344828,53.7931034482759,97.9310344827586,93.7931034482759,88.2758620689655,95.8620689655172,95.8620689655172,AAD2023.09.02768,2025-09-26T18:04:00.723Z
Northern Arizona University,151,Statistics,161,"Mathematics and Statistics, Department of",33643,17.9310344827586,37.2413793103448,15.8620689655172,12.4137931034483,15.8620689655172,13.1034482758621,53.1034482758621,55.1724137931034,21.3793103448276,21.3793103448276,36.551724137931,50.3448275862069,84.8275862068966,30.3448275862069,30.3448275862069,14.4827586206896,11.0344827586207,41.3793103448276,98.6206896551724,34.4827586206897,68.2758620689655,68.2758620689655,95.8620689655172,95.8620689655172,AAD2023.09.02768,2025-09-26T18:04:00.723Z
Villanova University,352,Statistics,161,"Mathematics and Statistics, Department of",35415,11.7241379310345,71.0344827586207,26.8965517241379,10.3448275862069,46.8965517241379,35.1724137931034,57.9310344827586,49.6551724137931,56.551724137931,39.3103448275862,21.3793103448276,8.96551724137931,17.9310344827586,48.9655172413793,40,34.4827586206897,24.8275862068966,17.9310344827586,22.0689655172414,22.7586206896552,68.2758620689655,68.2758620689655,95.8620689655172,95.8620689655172,AAD2023.09.02768,2025-09-26T18:04:00.723Z
"University of Tennessee, The",226,Statistics,161,"Business Analytics and Statistics, Department of",1273,51.7241379310345,56.551724137931,35.1724137931034,28.2758620689655,46.8965517241379,42.7586206896552,44.1379310344828,33.7931034482759,56.551724137931,45.5172413793104,62.0689655172414,60.6896551724138,83.448275862069,77.9310344827586,77.9310344827586,23.448275862069,14.4827586206896,13.7931034482759,18.6206896551724,16.551724137931,79.3103448275862,77.2413793103448,95.8620689655172,95.8620689655172,AAD2023.09.02768,2025-09-26T18:04:00.723Z
Southern Methodist University,193,Statistics,161,"Statistical Science, Department of",932,44.8275862068966,13.7931034482759,21.3793103448276,51.7241379310345,33.7931034482759,48.2758620689655,33.7931034482759,38.6206896551724,21.3793103448276,21.3793103448276,15.8620689655172,24.8275862068966,16.551724137931,21.3793103448276,20.6896551724138,23.448275862069,29.6551724137931,18.6206896551724,15.8620689655172,15.1724137931034,68.2758620689655,68.2758620689655,95.8620689655172,95.8620689655172,AAD2023.09.02768,2025-09-26T18:04:00.723Z
"Stony Brook University, State University of New York",205,Statistics,161,"Applied Mathematics and Statistics, Department of",6708,82.0689655172414,76.551724137931,84.8275862068966,79.3103448275862,64.8275862068965,57.2413793103448,71.7241379310345,62.0689655172414,67.5862068965517,48.9655172413793,87.5862068965517,82.7586206896552,85.5172413793103,99.3103448275862,99.3103448275862,86.2068965517241,82.7586206896552,90.3448275862069,82.0689655172414,90.3448275862069,90.3448275862069,90.3448275862069,95.8620689655172,95.8620689655172,AAD2023.09.02768,2025-09-26T18:04:00.723Z
Cleveland State University,45,Statistics,161,"Mathematics and Statistics, Department of",5863,21.3793103448276,60,40.6896551724138,31.7241379310345,22.0689655172414,13.7931034482759,83.448275862069,86.8965517241379,67.5862068965517,58.6206896551724,82.7586206896552,82.0689655172414,93.7931034482759,21.3793103448276,13.1034482758621,38.6206896551724,33.1034482758621,24.1379310344828,22.7586206896552,26.8965517241379,68.2758620689655,68.2758620689655,95.8620689655172,95.8620689655172,AAD2023.09.02768,2025-09-26T18:04:00.723Z
"University of California, Berkeley",251,Statistics,161,"Statistics, Department of",1702,99.3103448275862,80.6896551724138,96.551724137931,93.1034482758621,99.3103448275862,98.6206896551724,86.8965517241379,80,94.4827586206896,93.1034482758621,97.9310344827586,96.551724137931,93.1034482758621,97.2413793103448,95.8620689655172,97.9310344827586,97.2413793103448,99.3103448275862,96.551724137931,100,93.1034482758621,93.7931034482759,95.8620689655172,95.8620689655172,AAD2023.09.02768,2025-09-26T18:04:00.723Z
University of Rhode Island,328,Statistics,161,"Computer Science and Statistics, Department of",3022,44.8275862068966,42.7586206896552,28.9655172413793,24.1379310344828,33.7931034482759,30.3448275862069,44.1379310344828,40,56.551724137931,50.3448275862069,49.6551724137931,57.2413793103448,82.0689655172414,95.1724137931034,97.2413793103448,34.4827586206897,31.7241379310345,73.1034482758621,99.3103448275862,66.8965517241379,68.2758620689655,68.2758620689655,95.8620689655172,95.8620689655172,AAD2023.09.02768,2025-09-26T18:04:00.723Z
Utah State University,350,Statistics,161,"Mathematics and Statistics, Department of",8471,30.3448275862069,88.2758620689655,61.3793103448276,28.9655172413793,56.551724137931,41.3793103448276,44.1379310344828,26.8965517241379,40,23.448275862069,57.2413793103448,38.6206896551724,49.6551724137931,53.7931034482759,40.6896551724138,53.1034482758621,41.3793103448276,32.4137931034483,32.4137931034483,42.0689655172414,68.2758620689655,68.2758620689655,95.8620689655172,95.8620689655172,AAD2023.09.02768,2025-09-26T18:04:00.723Z
"University of Toledo, The",341,Statistics,161,"Mathematics and Statistics, Department of",8171,11.7241379310345,42.7586206896552,18.6206896551724,13.7931034482759,26.8965517241379,24.1379310344828,18.6206896551724,18.6206896551724,40,32.4137931034483,8.27586206896552,6.20689655172414,4.13793103448276,21.3793103448276,15.8620689655172,23.448275862069,17.9310344827586,12.4137931034483,14.4827586206896,14.4827586206896,68.2758620689655,68.2758620689655,95.8620689655172,95.8620689655172,AAD2023.09.02768,2025-09-26T18:04:00.723Z
Central Michigan University,37,Statistics,161,"Statistics, Actuarial and Data Sciences, Department of",35890,30.3448275862069,13.7931034482759,8.96551724137931,18.6206896551724,35.8620689655172,57.2413793103448,18.6206896551724,18.6206896551724,40,48.9655172413793,22.7586206896552,31.7241379310345,57.9310344827586,11.7241379310345,11.7241379310345,10.3448275862069,10.3448275862069,10.3448275862069,10.3448275862069,10.3448275862069,68.2758620689655,68.2758620689655,95.8620689655172,95.8620689655172,AAD2023.09.02768,2025-09-26T18:04:00.723Z
"University of Iowa, The",281,Statistics,161,"Statistics and Actuarial Science, Department of",2366,30.3448275862069,32.4137931034483,21.3793103448276,20,68.9655172413793,80.6896551724138,57.9310344827586,68.9655172413793,21.3793103448276,21.3793103448276,13.7931034482759,15.8620689655172,12.4137931034483,21.3793103448276,17.2413793103448,34.4827586206897,35.1724137931034,28.2758620689655,30.3448275862069,26.2068965517241,68.2758620689655,68.2758620689655,95.8620689655172,95.8620689655172,AAD2023.09.02768,2025-09-26T18:04:00.723Z
Baylor University,20,Statistics,161,"Statistical Sciences, Department of",5750,44.8275862068966,20,26.2068965517241,40.6896551724138,33.7931034482759,37.2413793103448,44.1379310344828,52.4137931034483,56.551724137931,66.8965517241379,27.5862068965517,37.2413793103448,35.8620689655172,11.7241379310345,11.7241379310345,23.448275862069,26.8965517241379,46.8965517241379,92.4137931034483,33.1034482758621,68.2758620689655,68.2758620689655,95.8620689655172,95.8620689655172,AAD2023.09.02768,2025-09-26T18:04:00.723Z